site_no,station_nm,site_type,lat,lon
04026005,"BOIS BRULE RIVER NEAR LAKE SUPERIOR, WI",ST,46.7055374,-91.6021071
04026157,"SISKIWIT RIVER AT CTY HWY C NEAR CORNUCOPIA, WI",ST,46.8048333,-91.0930778
04026160,"SISKIWIT RIVER AT CORNUCOPIA, WI",ST,46.854722,-91.091389
04026561,"TYLER FORKS RIVER AT STRICKER ROAD NEAR MELLEN, WI",ST,46.3947222,-90.59
04027000,"BAD RIVER NEAR ODANAH, WI",ST,46.4866144,-90.696297
04027080,"WHITE RIVER NEAR MASON, WI",ST,46.438871,-91.2004252
04027086,"SADJAK SPRINGS TRIB TO WHITE RIVER NEAR MASON, WI",ST,46.43720436,-91.2040364
04027595,"BAD RIVER AT ODANAH, WI",ST,46.6102607,-90.6870738
04063700,"POPPLE RIVER NEAR FENCE, WI",ST,45.7636111,-88.4636111
04067500,"MENOMINEE RIVER NEAR MC ALLISTER, WI",ST,45.3258333,-87.6633333
04069500,"PESHTIGO RIVER AT PESHTIGO, WI",ST,45.0475,-87.7444444
04071765,"OCONTO RIVER NEAR OCONTO, WI",ST,44.86055556,-87.98388889
04072150,"DUCK CREEK NEAR HOWARD, WI",ST,44.53338889,-88.1296944
04073500,"FOX RIVER AT BERLIN, WI",ST,43.96875,-88.950306
04077630,"RED RIVER AT MORGAN ROAD NEAR MORGAN, WI",ST,44.8980311,-88.8442729
0407809265,"MIDDLE BRANCH EMBARRASS RIVER NEAR WITTENBERG, WI",ST,44.8252512,-89.1181668
04080798,"TOMORROW RIVER NEAR NELSONVILLE, WI",ST,44.5244444,-89.3377778
04081000,"WAUPACA RIVER NEAR WAUPACA, WI",ST,44.32916667,-88.9958333
04082400,"FOX RIVER AT OSHKOSH, WI",ST,44.01361209,-88.5408823
04083420,"PARSONS CREEK UPSTREAM SITE NEAR FOND DU LAC, WI",ST,43.6933238,-88.4720495
04083425,"PARSONS CREEK DOWNSTREAM SITE NEAR FOND DU LAC, WI",ST,43.69721258,-88.475383
04084422,"LITTLE LAKE BUTTE DES MORTS AT MENASHA, WI",ST,44.2047225,-88.4686577
04084445,"FOX RIVER AT APPLETON, WI",ST,44.24805556,-88.4230556
040844505,"FOX RIVER AT COLLEGE AVENUE BRIDGE AT APPLETON, WI",ST,44.2610978,-88.3895513
04084500,"FOX R AT RAPIDE CROCHE DAM NEAR WRIGHTSTOWN, WI",ST,44.3174889,-88.1973263
04085000,"FOX RIVER AT WRIGHTSTOWN, WI",ST,44.3266562,-88.1651033
04085059,"FOX RIVER AT DE PERE, WI",ST,44.44944406,-88.064477
04085108,"EAST RIVER @ CNTY TRUNK HIGHWAY ZZ NR GREENLEAF,WI",ST,44.37194444,-88.0922222
04085118,"BOWER CREEK AT SUNNYVIEW ROAD NEAR DE PERE, WI",ST,44.40777086,-87.93871
04085119,"BOWER CREEK @ COUNTY TRNK HIGHWAY MM NR DE PERE,WI",ST,44.42249308,-87.9400994
040851325,"BAIRD CREEK AT SUPERIOR ROAD AT GREEN BAY, WI",ST,44.5011042,-87.9362121
04085138,"EAST RIVER AT GREEN BAY, WI",ST,44.5091661,-87.9916967
040851385,"FOX RIVER AT OIL TANK DEPOT AT GREEN BAY, WI",ST,44.5286111,-88.01
04085139,"FOX RIVER AT MOUTH AT GREEN BAY, WI",ST,44.53915916,-88.0057984
04085395,"SOUTH BRANCH MANITOWOC RIVER AT HAYTON, WI",ST,44.02471398,-88.1181548
04085427,"MANITOWOC RIVER AT MANITOWOC, WI",ST,44.10616667,-87.7160278
040857005,"OTTER CREEK AT WILLOW ROAD NEAR PLYMOUTH, WI",ST,43.78888889,-87.92138889
04085746,"MULLET RIVER AT OLD WADE HOUSE AT GREENBUSH, WI",ST,43.7775,-88.0852778
04085813,"ONION RIVER AT HINGHAM, WI",ST,43.6383361,-87.89835969
04085845,"ONION RIVER NEAR SHEBOYGAN FALLS, WI",ST,43.6966692,-87.820857
04086149,"MILWAUKEE RIVER ABOVE DAM AT KEWASKUM, WI",ST,43.527219,-88.2223184
04086175,"PARNELL CREEK NEAR DUNDEE, WI",ST,43.64777275,-88.1600968
04086200,"EAST BRANCH MILWAUKEE RIVER AT NEW FANE, WI",ST,43.55027436,-88.1884293
04086265,"MILWAUKEE RIVER @ CNTY TRNK HGHWAY M NR NEWBURG,WI",ST,43.4250004,-88.0809261
04086340,"NORTH BRANCH MILWAUKEE RIVER NEAR FILLMORE, WI",ST,43.4827765,-88.0609264
04086360,"MILWAUKEE RIVER AT WAUBEKA, WI",ST,43.4727772,-87.989814
04086500,"CEDAR CREEK NEAR CEDARBURG, WI",ST,43.32305556,-87.9786111
040869415,"LINCOLN CREEK AT 47TH STREET AT MILWAUKEE, WI",ST,43.09695587,-87.9723094
040869416,"LINCOLN CREEK @ SHERMAN BOULEVARD AT MILWAUKEE, WI",ST,43.09713889,-87.96725
04087000,"MILWAUKEE RIVER AT MILWAUKEE, WI",ST,43.10001159,-87.9089745
04087030,"MENOMONEE RIVER AT MENOMONEE FALLS, WI",ST,43.17277778,-88.10388889
04087050,"LITTLE MENOMONEE RIVER NEAR FREISTADT, WI",ST,43.20667408,-88.0384231
04087070,"LITTLE MENOMONEE RIVER AT MILWAUKEE, WI",ST,43.1236111,-88.0436111
04087088,"UNDERWOOD CREEK AT WAUWATOSA, WI",ST,43.0547222,-88.0461111
04087119,"HONEY CREEK AT WAUWATOSA, WI",ST,43.0438333,-88.0051111
04087120,"MENOMONEE RIVER AT WAUWATOSA, WI",ST,43.04555556,-87.9997222
04087142,"MENOMONEE RIVER AT 16TH STREET AT MILWAUKEE, WI",ST,43.03389487,-87.934194
040871472,"KINNICKINNIC R @ ST. LUKES HOSPTL @ MILWAUKEE, WI",ST,42.99029265,-87.9531409
040871473,"WILSON PARK CREEK AT GMIA INFALL AT MILWAUKEE, WI",ST,42.9457222,-87.8862222
040871475,"WILSON PARK CREEK @ GMIA OUTFALL 7 @ MILWAUKEE,WI",ST,42.95702778,-87.9073056
040871476,HOLMES AVE CRK TRIB @ GMIA OUTFALL 1 AT MILWAUKEE,ST,42.94516667,-87.9110556
040871478,"WILSON PARK CREEK AT 6TH ST. AT MILWAUKEE, WI",ST,42.96279324,-87.918695
040871482,"WILSON PK CR @ WILSON PK&20TH PL @ MILWAUKEE, WI",ST,42.97305556,-87.9397222
040871488,"WILSON PARK CK @ ST. LUKES HOSPITAL @ MILWAUKEE,WI",ST,42.99025,-87.9523333
04087159,"KINNICKINNIC RIVER @ S. 11TH STREET @ MILWAUKEE,WI",ST,42.9975,-87.92638889
040871602,"KINNICKINNIC RIVER AT 6TH ST. AT MILWAUKEE, WI",ST,42.9950149,-87.9186955
04087161,"KINNICKINNIC RIVER AT S. 1ST ST AT MILWAUKEE, WI",ST,43.00834795,-87.9111955
04087170,"MILWAUKEE RIVER AT MOUTH AT MILWAUKEE, WI",ST,43.02444444,-87.8983333
04087200,"OAK CREEK NEAR SOUTH MILWAUKEE, WI",ST,42.8814058,-87.8925815
04087204,"OAK CREEK AT SOUTH MILWAUKEE, WI",ST,42.925,-87.87
040872118,"ROOT RIVER AT WEST ALLIS, WI",ST,42.9939722,-88.0606944
040872125,"ROOT RIVER AT BELOIT ROAD AT GREENFIELD, WI",ST,42.97369444,-88.0508333
04087213,"ROOT RIVER AT LAYTON AVENUE AT GREENFIELD, WI",ST,42.95888889,-88.04
04087233,"ROOT RIVER CANAL NEAR FRANKLIN, WI",ST,42.81555556,-87.9947222
04087240,"ROOT RIVER AT RACINE, WI",ST,42.751389,-87.823611
04087242,"ROOT RIVER NEAR MOUTH AT RACINE, WI",ST,42.7339086,-87.7845191
05331833,"NAMEKAGON RIVER AT LEONARDS, WI",ST,46.1713687,-91.3293778
05333500,"ST. CROIX RIVER NEAR DANBURY, WI",ST,46.0761111,-92.2466667
05338955,"WOOD RIVER @ NORTH WILLIAMS ROAD NR GRANTSBURG, WI",ST,45.78522979,-92.6313137
05340500,"ST. CROIX RIVER AT ST. CROIX FALLS, WI",ST,45.4069444,-92.6469444
053416972,"WILLOW RIVER @ COUNTY TRUNK HIGHWAY T AT JEWETT,WI",ST,45.12002778,-92.4363056
05341854,"KINNICKINNIC RIVER AT STEEPLE DRIVE NR HAMMOND, WI",ST,44.92277778,-92.5316667
05357205,"ALLEQUASH CREEK NEAR SAYNER, WI",ST,46.0308444,-89.5993944
05357206,"ALLEQUASH CREEK SITE NO. 3 NR BOULDER JUNCTION, WI",ST,46.03277778,-89.6077778
05357215,"ALLEQUASH CREEK @ CT HWY M NR BOULDER JUNCTION, WI",ST,46.02388889,-89.6527778
05357225,"STEVENSON CREEK @ CT HWY M NR BOULDER JUNCTION, WI",ST,46.06138889,-89.6472222
05357230,"NORTH CREEK AT TROUT LAKE NEAR BOULDER JUNCTION,WI",ST,46.0786111,-89.6672222
05357245,"TROUT RIVER AT TROUT LAKE NEAR BOULDER JUNCTION,WI",ST,46.03555556,-89.7055556
05364128,"DRYWOOD CREEK AT COVERED FOOTBRIDGE NR CADOTT, WI",ST,44.9622,-91.230175
05364422,"COMO CREEK TRIBUTARY NEAR BLOOMER, WI",ST,45.1104333,-91.5382467
05364850,"DUNCAN CREEK TRIBUTARY NEAR TILDEN, WI",ST,44.9888497,-91.447937
053674464,"YELLOW RIVER AT BARRON, WI",ST,45.39523615,-91.8301731
053674962,"TROUT CREEK AT CNTY TRUNK HIGHWAY DD NR BLOOMER,WI",ST,45.12713889,-91.6044444
053674967,"TROUT CREEK AT TENTH STREET NEAR BLOOMER, WI",ST,45.0994444,-91.6511111
05369500,"CHIPPEWA RIVER AT DURAND, WI",ST,44.631,-91.9713333
05369900,"EAU GALLE RIVER NEAR WOODVILLE, WI",ST,44.9049651,-92.2643532
05369945,"EAU GALLE R @ LOW-WTR BRIDGE @ SPRING VALLEY, WI",ST,44.8671875,-92.2521299
05370000,"EAU GALLE RIVER AT SPRING VALLEY, WI",ST,44.85277778,-92.2383333
05378183,"JOOS VALLEY CREEK NEAR FOUNTAIN CITY, WI",ST,44.2146857,-91.6651532
05378185,"EAGLE CREEK AT CT HIGHWAY G NEAR FOUNTAIN CITY, WI",ST,44.20940798,-91.6784864
05379288,"BRUCE VALLEY CREEK NEAR PLEASANTVILLE, WI",ST,44.44579646,-91.3612694
05379305,"ELK CREEK NEAR INDEPENDENCE, WI",ST,44.3905399,-91.4293168
053793305,"TRAVERSE VALLEY CREEK N. TRIB. NR INDEPENDENCE, WI",ST,44.39857598,-91.5515444
053793306,"TRAVERSE VALLEY CREEK S. TRIB. NR INDEPENDENCE, WI",ST,44.39552038,-91.5537666
05381381,"PIGEON CR BELOW PIGEON CR FLOWAGE NR MILLSTON, WI",ST,44.21107316,-90.6151347
05381389,"CLEAR CREEK SITE C-2 AT 14TH AVE NEAR MILLSTON, WI",ST,44.15635176,-90.7126365
05381392,"STONY CREEK SITE S-2 AT CTH O NEAR SHAMROCK, WI",ST,44.18051789,-90.786805
05382255,"STILLWELL CREEK AT SIXTEENTH COURT NEAR TOMAH, WI",ST,43.99388889,-90.6572222
05382257,"STILLWELL CREEK AT YARD ROAD NEAR TOMAH, WI",ST,44.00055556,-90.6811111
05382267,"LA CROSSE RIVER @ CNTY TRUNK HIGHWY BB NR TOMAH,WI",ST,44.00027778,-90.7244444
05382284,"SILVER CREEK AT STATE HIGHWAY 21 NEAR ANGELO, WI",ST,43.9672222,-90.765
05394500,"PRAIRIE RIVER NEAR MERRILL, WI",ST,45.2358333,-89.6497222
05400600,"LITTLE PLOVER RIVER NEAR ARNOTT, WI",ST,44.46805439,-89.4889715
05400853,"BUENA VISTA CREEK NEAR KELLNER, WI",ST,44.3738751,-89.6978676
05401020,"TENMILE CREEK DITCH 5 NEAR BANCROFT, WI",ST,44.30222155,-89.5498067
05403700,"DELL CREEK NEAR LAKE DELTON, WI",ST,43.55220306,-89.867625
05406457,"BLACK EARTH CREEK NR BREWERY RD AT CROSS PLAINS,WI",ST,43.1097222,-89.6408333
05406460,"BLACK EARTH CREEK AT CROSS PLAINS, WI",ST,43.11054978,-89.6456776
05406469,"BREWERY CREEK-UPSTREAM SITE-AT CROSS PLAINS, WI",ST,43.12527778,-89.635
05406470,"BREWERY CREEK AT CROSS PLAINS, WI",ST,43.11916068,-89.6403997
05406476,"BLACK EARTH CREEK @ MILLS STREET @ CROSS PLAINS,WI",ST,43.11332746,-89.650122
054064785,"BLACK EARTH CREEK TRIBUTARY AT CROSS PLAINS, WI",ST,43.11166078,-89.6645666
05406479,"BLACK EARTH CK NR TREATMENT PLNT @ CROSS PLAINS,WI",ST,43.1147222,-89.6641667
05406483,"BLACK EARTH CREEK LOW FLOW NO 7 AT CROSS PLAINS,WI",ST,43.041659,-89.6700869
05406491,"GARFOOT CREEK NEAR CROSS PLAINS, WI",ST,43.11027186,-89.6795668
05406497,"BLACK EARTH CREEK @ S. VALLEY RD NR BLACK EARTH,WI",ST,43.125,-89.7097222
05406500,"BLACK EARTH CREEK AT BLACK EARTH, WI",ST,43.13416667,-89.7322222
05406573,"TROUT CR CONFLUENCE W/ARNESON CR NR BARNEVELD, WI",ST,43.04777397,-89.9467902
05406575,"TROUT CREEK AT CTH T NEAR BARNEVELD, WI",ST,43.0644364,-89.9528744
05406577,"TROUT CREEK NEAR RIDGEWAY, WI",ST,43.0688808,-89.9659304
05406714,"PINE RIVER AT SITE 36B NEAR HUB CITY, WI",ST,43.4899893,-90.3667781
05406840,"ASH CREEK AT SITE 2B NEAR RICHLAND CENTER, WI",ST,43.29276805,-90.4198352
05407000,"WISCONSIN RIVER AT MUSCODA, WI",ST,43.19805556,-90.4433333
05407470,"KICKAPOO RIVER AT STATE HIGHWAY 33 AT ONTARIO, WI",ST,43.72166667,-90.5875
05407500,"KICKAPOO RIVER AT ONTARIO, WI",ST,43.71443246,-90.5870639
05407920,"KICKAPOO RIVER NEAR ROCKTON, WI",ST,43.6127662,-90.6262317
05407950,"KICKAPOO RIVER NEAR LA FARGE, WI",ST,43.59443297,-90.6334542
05408000,"KICKAPOO RIVER AT LA FARGE, WI",ST,43.57415528,-90.6431767
05409830,"NORTH FORK NEDERLO CREEK NEAR GAYS MILLS, WI",ST,43.3630449,-90.9095743
05409842,"NORTH FK NEDERLO CR AT MOUTH NEAR GAYS MILLS, WI",ST,43.3599894,-90.9084631
05409860,"SOUTH FORK NEDERLO CREEK NEAR GAYS MILLS, WI",ST,43.3599894,-90.90874089
05409870,"NEDERLO CREEK AT UTICA TN HALL NEAR GAYS MILLS, WI",ST,43.35832276,-90.8970738
05409890,"NEDERLO CREEK NEAR GAYS MILLS, WI",ST,43.36193387,-90.8790177
054134435,"KUENSTER CR AT MUSKELLUNGE RD NEAR N. ANDOVER, WI",ST,42.7908243,-90.9573495
05413449,"RATTLESNAKE CREEK NEAR NORTH ANDOVER, WI",ST,42.78026908,-90.9423494
05413451,"RATTLESNAKE CREEK NEAR BEETOWN, WI",ST,42.7672139,-90.929016
05414213,"LITTLE PLATTE RIVER NEAR PLATTEVILLE, WI",ST,42.7230489,-90.5281842
05414800,"SINSINAWA RIVER NEAR HAZEL GREEN, WI",ST,42.53389075,-90.481517
05414894,"PATS CREEK NEAR BELMONT, WI",ST,42.68277175,-90.3670545
05414915,"MADDEN BRANCH TRIBUTARY NEAR BELMONT, WI",ST,42.66749825,-90.3292943
05414920,"MADDEN BRANCH NEAR MEEKERS GROVE, WI",ST,42.64582757,-90.3437203
05418731,"APPLE RIVER NEAR SHULLSBURG, WI",ST,42.5227823,-90.1340143
05427570,"ROCK RIVER AT INDIANFORD, WI",ST,42.80416667,-89.09
05427927,"DORN (SPRING) CREEK @ CT HIGHWAY Q NR WAUNAKEE, WI",ST,43.14505556,-89.4718611
05427930,"DORN (SPRING) CREEK AT CT HIGHWAY M NR WAUNAKEE,WI",ST,43.14027778,-89.4423056
05427948,"PHEASANT BRANCH AT MIDDLETON, WI",ST,43.1033333,-89.5116667
05427970,"WILLOW CREEK AT MADISON, WI",ST,43.07416267,-89.4226196
05428600,"WEST BRANCH STARKWEATHER CREEK AT MADISON, WI",ST,43.0994494,-89.3384089
05429369,"SWAN CREEK AT LALOR ROAD NEAR FITCHBURG, WI",ST,42.99951944,-89.3615417
05430500,"ROCK RIVER AT AFTON, WI",ST,42.6136111,-89.0716667
05431016,"JACKSON CREEK AT MOUND ROAD NEAR ELKHORN, WI",ST,42.6408333,-88.5608333
05431017,"DELAVAN LAKE INLET AT STATE HWY 50 AT LAKE LAWN,WI",ST,42.6211265,-88.5826011
05432055,"LIVINGSTON BR PECATONICA RIVER NEAR LIVINGSTON, WI",ST,42.9002711,-90.3731813
054322653,"BREWERY CR TRIB-UPSTREAM SITE-NR MINERAL POINT, WI",ST,42.88166667,-90.1308333
054322655,"BREWERY CR TRB-DOWNSTREAM SITE-NR MINERAL POINT,WI",ST,42.8736111,-90.1336111
05433500,"YELLOWSTONE RIVER NEAR BLANCHARDVILLE, WI",ST,42.7813899,-89.9979025
05433510,"STEINER BRANCH NEAR WALDWICK, WI",ST,42.775827,-89.998431
05435934,"BADGER MILL CREEK AT NESBITT ROAD AT MADISON, WI",ST,43.00110855,-89.4990104
05435935,"BADGER MILL CREEK @ HIGHWAYS 18 & 151 @ MADISON,WI",ST,42.99861656,-89.498692
05435943,"BADGER MILL CREEK AT VERONA, WI",ST,42.97694444,-89.5394444
05435950,"SUGAR RIVER NEAR VERONA, WI",ST,42.94916667,-89.5441667
05436000,"MOUNT VERNON CREEK NEAR MOUNT VERNON, WI",ST,42.92083916,-89.6203628
05545131,"SOUTHWICK CREEK AT WILLIAMS BAY, WI",ST,42.5791831,-88.538711
05545133,"BIRCHES CREEK AT LACKEY LANE NEAR LAKE GENEVA, WI",ST,42.5600171,-88.4875986
05545750,"FOX RIVER NEAR NEW MUNSTER, WI",ST,42.61085116,-88.225923
443217088000901,"FOX R (UPPER) A SCHMIDT OIL DOCK A GREEN BAY, WI",ST,44.5380549,-88.0025304
443217088000902,"FOX R (LOWER) A SCHMIDT OIL DOCK A GREEN BAY, WI",ST,44.5380549,-88.0025304
04085500,"CEDAR LAKE NEAR KIEL, WI",LK,43.9263904,-87.9397501
054279485,"STRICKER'S POND AT MIDDLETON, WI",LK,43.0872271,-89.5098037
05429000,"LAKE MONONA AT MADISON, WI",LK,43.0633297,-89.3970636
423755088341700,"DELAVAN LAKE INLET-BASE SITE-NEAR LAKE LAWN, WI",LK,42.6319527,-88.5714378
453100089343002,"LAKE CLARA NEAR TOMAHAWK, WI",LK,45.5166633,-89.5750872
455946089415704,"LITTLE ROCK LAKE (WATER TEMP) NEAR WOODRUFF, WI",LK,45.99609467,-89.6992592
461342091561002,"ROUND LAKE NEAR GORDON, WI",LK,46.2283143,-91.9362844
462458091274402,"EAST EIGHTMILE LAKE NEAR IRON RIVER, WI",LK,46.41609289,-91.462379
