source_url,source_file,retrieval_date,waterbody,location,year,angler_hours,angler_hours_sd
https://dnr.wisconsin.gov/sites/default/files/topic/LM_LakeMichiganSportHarvestReport2022.pdf,LakeMichigan_SportHarvest_2022.pdf,2026-09-08,Lake Michigan/Green Bay (WI waters),Kenosha Co.,2013,128467,5199
https://dnr.wisconsin.gov/sites/default/files/topic/LM_LakeMichiganSportHarvestReport2022.pdf,LakeMichigan_SportHarvest_2022.pdf,2026-09-08,Lake Michigan/Green Bay (WI waters),Kenosha Co.,2014,129736,5422
https://dnr.wisconsin.gov/sites/default/files/topic/Fishing/LM_LakeMichiganSportHarvestReport2024.pdf,LakeMichigan_SportHarvest_2024.pdf,2026-09-08,Lake Michigan/Green Bay (WI waters),Kenosha Co.,2015,101058,4990
https://dnr.wisconsin.gov/sites/default/files/topic/Fishing/LM_LakeMichiganSportHarvestReport2024.pdf,LakeMichigan_SportHarvest_2024.pdf,2026-09-08,Lake Michigan/Green Bay (WI waters),Kenosha Co.,2016,108874,5432
https://dnr.wisconsin.gov/sites/default/files/topic/Fishing/LM_LakeMichiganSportHarvestReport2024.pdf,LakeMichigan_SportHarvest_2024.pdf,2026-09-08,Lake Michigan/Green Bay (WI waters),Kenosha Co.,2017,90700,3810
https://dnr.wisconsin.gov/sites/default/files/topic/Fishing/LM_LakeMichiganSportHarvestReport2024.pdf,LakeMichigan_SportHarvest_2024.pdf,2026-09-08,Lake Michigan/Green Bay (WI waters),Kenosha Co.,2018,92655,4185
https://dnr.wisconsin.gov/sites/default/files/topic/Fishing/LM_LakeMichiganSportHarvestReport2024.pdf,LakeMichigan_SportHarvest_2024.pdf,2026-09-08,Lake Michigan/Green Bay (WI waters),Kenosha Co.,2019,99315,4417
https://dnr.wisconsin.gov/sites/default/files/topic/Fishing/LM_LakeMichiganSportHarvestReport2024.pdf,LakeMichigan_SportHarvest_2024.pdf,2026-09-08,Lake Michigan/Green Bay (WI waters),Kenosha Co.,2020,91284,4797
https://dnr.wisconsin.gov/sites/default/files/topic/Fishing/LM_LakeMichiganSportHarvestReport2024.pdf,LakeMichigan_SportHarvest_2024.pdf,2026-09-08,Lake Michigan/Green Bay (WI waters),Kenosha Co.,2021,113635,7514
https://dnr.wisconsin.gov/sites/default/files/topic/Fishing/LM_LakeMichiganSportHarvestReport2024.pdf,LakeMichigan_SportHarvest_2024.pdf,2026-09-08,Lake Michigan/Green Bay (WI waters),Kenosha Co.,2022,87191,4069
https://dnr.wisconsin.gov/sites/default/files/topic/Fishing/LM_LakeMichiganSportHarvestReport2024.pdf,LakeMichigan_SportHarvest_2024.pdf,2026-09-08,Lake Michigan/Green Bay (WI waters),Kenosha Co.,2023,90693,4210
https://dnr.wisconsin.gov/sites/default/files/topic/Fishing/LM_LakeMichiganSportHarvestReport2024.pdf,LakeMichigan_SportHarvest_2024.pdf,2026-09-08,Lake Michigan/Green Bay (WI waters),Kenosha Co.,2024,77122,5278
https://dnr.wisconsin.gov/sites/default/files/topic/LM_LakeMichiganSportHarvestReport2022.pdf,LakeMichigan_SportHarvest_2022.pdf,2026-09-08,Lake Michigan/Green Bay (WI waters),Racine Co.,2013,121473,8394
https://dnr.wisconsin.gov/sites/default/files/topic/LM_LakeMichiganSportHarvestReport2022.pdf,LakeMichigan_SportHarvest_2022.pdf,2026-09-08,Lake Michigan/Green Bay (WI waters),Racine Co.,2014,122082,7073
https://dnr.wisconsin.gov/sites/default/files/topic/Fishing/LM_LakeMichiganSportHarvestReport2024.pdf,LakeMichigan_SportHarvest_2024.pdf,2026-09-08,Lake Michigan/Green Bay (WI waters),Racine Co.,2015,102948,9243
https://dnr.wisconsin.gov/sites/default/files/topic/Fishing/LM_LakeMichiganSportHarvestReport2024.pdf,LakeMichigan_SportHarvest_2024.pdf,2026-09-08,Lake Michigan/Green Bay (WI waters),Racine Co.,2016,106901,7928
https://dnr.wisconsin.gov/sites/default/files/topic/Fishing/LM_LakeMichiganSportHarvestReport2024.pdf,LakeMichigan_SportHarvest_2024.pdf,2026-09-08,Lake Michigan/Green Bay (WI waters),Racine Co.,2017,95490,6787
https://dnr.wisconsin.gov/sites/default/files/topic/Fishing/LM_LakeMichiganSportHarvestReport2024.pdf,LakeMichigan_SportHarvest_2024.pdf,2026-09-08,Lake Michigan/Green Bay (WI waters),Racine Co.,2018,110575,11954
https://dnr.wisconsin.gov/sites/default/files/topic/Fishing/LM_LakeMichiganSportHarvestReport2024.pdf,LakeMichigan_SportHarvest_2024.pdf,2026-09-08,Lake Michigan/Green Bay (WI waters),Racine Co.,2019,98387,6374
https://dnr.wisconsin.gov/sites/default/files/topic/Fishing/LM_LakeMichiganSportHarvestReport2024.pdf,LakeMichigan_SportHarvest_2024.pdf,2026-09-08,Lake Michigan/Green Bay (WI waters),Racine Co.,2020,78832,6721
https://dnr.wisconsin.gov/sites/default/files/topic/Fishing/LM_LakeMichiganSportHarvestReport2024.pdf,LakeMichigan_SportHarvest_2024.pdf,2026-09-08,Lake Michigan/Green Bay (WI waters),Racine Co.,2021,93231,5784
https://dnr.wisconsin.gov/sites/default/files/topic/Fishing/LM_LakeMichiganSportHarvestReport2024.pdf,LakeMichigan_SportHarvest_2024.pdf,2026-09-08,Lake Michigan/Green Bay (WI waters),Racine Co.,2022,95394,8166
https://dnr.wisconsin.gov/sites/default/files/topic/Fishing/LM_LakeMichiganSportHarvestReport2024.pdf,LakeMichigan_SportHarvest_2024.pdf,2026-09-08,Lake Michigan/Green Bay (WI waters),Racine Co.,2023,88754,6386
https://dnr.wisconsin.gov/sites/default/files/topic/Fishing/LM_LakeMichiganSportHarvestReport2024.pdf,LakeMichigan_SportHarvest_2024.pdf,2026-09-08,Lake Michigan/Green Bay (WI waters),Racine Co.,2024,71279,5455
https://dnr.wisconsin.gov/sites/default/files/topic/LM_LakeMichiganSportHarvestReport2022.pdf,LakeMichigan_SportHarvest_2022.pdf,2026-09-08,Lake Michigan/Green Bay (WI waters),Milwaukee Co.,2013,290544,11332
https://dnr.wisconsin.gov/sites/default/files/topic/LM_LakeMichiganSportHarvestReport2022.pdf,LakeMichigan_SportHarvest_2022.pdf,2026-09-08,Lake Michigan/Green Bay (WI waters),Milwaukee Co.,2014,255140,10894
https://dnr.wisconsin.gov/sites/default/files/topic/Fishing/LM_LakeMichiganSportHarvestReport2024.pdf,LakeMichigan_SportHarvest_2024.pdf,2026-09-08,Lake Michigan/Green Bay (WI waters),Milwaukee Co.,2015,267451,10279
https://dnr.wisconsin.gov/sites/default/files/topic/Fishing/LM_LakeMichiganSportHarvestReport2024.pdf,LakeMichigan_SportHarvest_2024.pdf,2026-09-08,Lake Michigan/Green Bay (WI waters),Milwaukee Co.,2016,295517,12743
https://dnr.wisconsin.gov/sites/default/files/topic/Fishing/LM_LakeMichiganSportHarvestReport2024.pdf,LakeMichigan_SportHarvest_2024.pdf,2026-09-08,Lake Michigan/Green Bay (WI waters),Milwaukee Co.,2017,267191,14736
https://dnr.wisconsin.gov/sites/default/files/topic/Fishing/LM_LakeMichiganSportHarvestReport2024.pdf,LakeMichigan_SportHarvest_2024.pdf,2026-09-08,Lake Michigan/Green Bay (WI waters),Milwaukee Co.,2018,233031,13192
https://dnr.wisconsin.gov/sites/default/files/topic/Fishing/LM_LakeMichiganSportHarvestReport2024.pdf,LakeMichigan_SportHarvest_2024.pdf,2026-09-08,Lake Michigan/Green Bay (WI waters),Milwaukee Co.,2019,180123,8028
https://dnr.wisconsin.gov/sites/default/files/topic/Fishing/LM_LakeMichiganSportHarvestReport2024.pdf,LakeMichigan_SportHarvest_2024.pdf,2026-09-08,Lake Michigan/Green Bay (WI waters),Milwaukee Co.,2020,179950,10877
https://dnr.wisconsin.gov/sites/default/files/topic/Fishing/LM_LakeMichiganSportHarvestReport2024.pdf,LakeMichigan_SportHarvest_2024.pdf,2026-09-08,Lake Michigan/Green Bay (WI waters),Milwaukee Co.,2021,217505,8552
https://dnr.wisconsin.gov/sites/default/files/topic/Fishing/LM_LakeMichiganSportHarvestReport2024.pdf,LakeMichigan_SportHarvest_2024.pdf,2026-09-08,Lake Michigan/Green Bay (WI waters),Milwaukee Co.,2022,194492,12092
https://dnr.wisconsin.gov/sites/default/files/topic/Fishing/LM_LakeMichiganSportHarvestReport2024.pdf,LakeMichigan_SportHarvest_2024.pdf,2026-09-08,Lake Michigan/Green Bay (WI waters),Milwaukee Co.,2023,182456,16513
https://dnr.wisconsin.gov/sites/default/files/topic/Fishing/LM_LakeMichiganSportHarvestReport2024.pdf,LakeMichigan_SportHarvest_2024.pdf,2026-09-08,Lake Michigan/Green Bay (WI waters),Milwaukee Co.,2024,219635,9738
https://dnr.wisconsin.gov/sites/default/files/topic/Fishing/LM_LakeMichiganSportHarvestReport2024.pdf,LakeMichigan_SportHarvest_2024.pdf,2026-09-08,Lake Michigan/Green Bay (WI waters),Total (all locations incl. Green Bay),2015,2742595,49548
https://dnr.wisconsin.gov/sites/default/files/topic/Fishing/LM_LakeMichiganSportHarvestReport2024.pdf,LakeMichigan_SportHarvest_2024.pdf,2026-09-08,Lake Michigan/Green Bay (WI waters),Total (all locations incl. Green Bay),2016,2631149,47145
https://dnr.wisconsin.gov/sites/default/files/topic/Fishing/LM_LakeMichiganSportHarvestReport2024.pdf,LakeMichigan_SportHarvest_2024.pdf,2026-09-08,Lake Michigan/Green Bay (WI waters),Total (all locations incl. Green Bay),2017,2549887,49597
https://dnr.wisconsin.gov/sites/default/files/topic/Fishing/LM_LakeMichiganSportHarvestReport2024.pdf,LakeMichigan_SportHarvest_2024.pdf,2026-09-08,Lake Michigan/Green Bay (WI waters),Total (all locations incl. Green Bay),2018,2456877,45624
https://dnr.wisconsin.gov/sites/default/files/topic/Fishing/LM_LakeMichiganSportHarvestReport2024.pdf,LakeMichigan_SportHarvest_2024.pdf,2026-09-08,Lake Michigan/Green Bay (WI waters),Total (all locations incl. Green Bay),2019,2362083,48065
https://dnr.wisconsin.gov/sites/default/files/topic/Fishing/LM_LakeMichiganSportHarvestReport2024.pdf,LakeMichigan_SportHarvest_2024.pdf,2026-09-08,Lake Michigan/Green Bay (WI waters),Total (all locations incl. Green Bay),2020,1964085,40880
https://dnr.wisconsin.gov/sites/default/files/topic/Fishing/LM_LakeMichiganSportHarvestReport2024.pdf,LakeMichigan_SportHarvest_2024.pdf,2026-09-08,Lake Michigan/Green Bay (WI waters),Total (all locations incl. Green Bay),2021,2734359,51171
https://dnr.wisconsin.gov/sites/default/files/topic/Fishing/LM_LakeMichiganSportHarvestReport2024.pdf,LakeMichigan_SportHarvest_2024.pdf,2026-09-08,Lake Michigan/Green Bay (WI waters),Total (all locations incl. Green Bay),2022,2489286,52586
https://dnr.wisconsin.gov/sites/default/files/topic/Fishing/LM_LakeMichiganSportHarvestReport2024.pdf,LakeMichigan_SportHarvest_2024.pdf,2026-09-08,Lake Michigan/Green Bay (WI waters),Total (all locations incl. Green Bay),2023,2485275,52457
https://dnr.wisconsin.gov/sites/default/files/topic/Fishing/LM_LakeMichiganSportHarvestReport2024.pdf,LakeMichigan_SportHarvest_2024.pdf,2026-09-08,Lake Michigan/Green Bay (WI waters),Total (all locations incl. Green Bay),2024,2281228,53287
https://dnr.wisconsin.gov/sites/default/files/topic/LM_LakeMichiganSportHarvestReport2022.pdf,LakeMichigan_SportHarvest_2022.pdf,2026-09-08,Lake Michigan/Green Bay (WI waters),Total (all locations incl. Green Bay),2013,2779977,54178
https://dnr.wisconsin.gov/sites/default/files/topic/LM_LakeMichiganSportHarvestReport2022.pdf,LakeMichigan_SportHarvest_2022.pdf,2026-09-08,Lake Michigan/Green Bay (WI waters),Total (all locations incl. Green Bay),2014,2613170,53991
