source_url,source_file,retrieval_date,waterbody,fishery_type,year,species,period,harvest,angler_hours_period,season_harvest_rate_fish_per_hour
https://dnr.wisconsin.gov/sites/default/files/topic/LM_LakeMichiganSportHarvestReport2022.pdf,LakeMichigan_SportHarvest_2022.pdf,2026-09-08,Lake Michigan+Green Bay (WI waters combined),all fishery types,2022,Coho Salmon,March/April,744,279159,0.0421
https://dnr.wisconsin.gov/sites/default/files/topic/LM_LakeMichiganSportHarvestReport2022.pdf,LakeMichigan_SportHarvest_2022.pdf,2026-09-08,Lake Michigan+Green Bay (WI waters combined),all fishery types,2022,Coho Salmon,May,32631,270058,0.0421
https://dnr.wisconsin.gov/sites/default/files/topic/LM_LakeMichiganSportHarvestReport2022.pdf,LakeMichigan_SportHarvest_2022.pdf,2026-09-08,Lake Michigan+Green Bay (WI waters combined),all fishery types,2022,Coho Salmon,June,38840,402763,0.0421
https://dnr.wisconsin.gov/sites/default/files/topic/LM_LakeMichiganSportHarvestReport2022.pdf,LakeMichigan_SportHarvest_2022.pdf,2026-09-08,Lake Michigan+Green Bay (WI waters combined),all fishery types,2022,Coho Salmon,July,17378,647514,0.0421
https://dnr.wisconsin.gov/sites/default/files/topic/LM_LakeMichiganSportHarvestReport2022.pdf,LakeMichigan_SportHarvest_2022.pdf,2026-09-08,Lake Michigan+Green Bay (WI waters combined),all fishery types,2022,Coho Salmon,August,6608,412191,0.0421
https://dnr.wisconsin.gov/sites/default/files/topic/LM_LakeMichiganSportHarvestReport2022.pdf,LakeMichigan_SportHarvest_2022.pdf,2026-09-08,Lake Michigan+Green Bay (WI waters combined),all fishery types,2022,Coho Salmon,Sept/Oct,8491,465380,0.0421
https://dnr.wisconsin.gov/sites/default/files/topic/LM_LakeMichiganSportHarvestReport2022.pdf,LakeMichigan_SportHarvest_2022.pdf,2026-09-08,Lake Michigan+Green Bay (WI waters combined),all fishery types,2022,Yellow Perch,March/April,251,279159,0.0630
https://dnr.wisconsin.gov/sites/default/files/topic/LM_LakeMichiganSportHarvestReport2022.pdf,LakeMichigan_SportHarvest_2022.pdf,2026-09-08,Lake Michigan+Green Bay (WI waters combined),all fishery types,2022,Yellow Perch,May,5268,270058,0.0630
https://dnr.wisconsin.gov/sites/default/files/topic/LM_LakeMichiganSportHarvestReport2022.pdf,LakeMichigan_SportHarvest_2022.pdf,2026-09-08,Lake Michigan+Green Bay (WI waters combined),all fishery types,2022,Yellow Perch,June,17917,402763,0.0630
https://dnr.wisconsin.gov/sites/default/files/topic/LM_LakeMichiganSportHarvestReport2022.pdf,LakeMichigan_SportHarvest_2022.pdf,2026-09-08,Lake Michigan+Green Bay (WI waters combined),all fishery types,2022,Yellow Perch,July,26583,647514,0.0630
https://dnr.wisconsin.gov/sites/default/files/topic/LM_LakeMichiganSportHarvestReport2022.pdf,LakeMichigan_SportHarvest_2022.pdf,2026-09-08,Lake Michigan+Green Bay (WI waters combined),all fishery types,2022,Yellow Perch,August,39432,412191,0.0630
https://dnr.wisconsin.gov/sites/default/files/topic/LM_LakeMichiganSportHarvestReport2022.pdf,LakeMichigan_SportHarvest_2022.pdf,2026-09-08,Lake Michigan+Green Bay (WI waters combined),all fishery types,2022,Yellow Perch,Sept/Oct,65824,465380,0.0630
https://dnr.wisconsin.gov/sites/default/files/topic/LM_LakeMichiganSportHarvestReport2022.pdf,LakeMichigan_SportHarvest_2022.pdf,2026-09-08,Lake Michigan+Green Bay (WI waters combined),all fishery types,2022,Walleye,March/April,16300,279159,0.0535
https://dnr.wisconsin.gov/sites/default/files/topic/LM_LakeMichiganSportHarvestReport2022.pdf,LakeMichigan_SportHarvest_2022.pdf,2026-09-08,Lake Michigan+Green Bay (WI waters combined),all fishery types,2022,Walleye,May,39234,270058,0.0535
https://dnr.wisconsin.gov/sites/default/files/topic/LM_LakeMichiganSportHarvestReport2022.pdf,LakeMichigan_SportHarvest_2022.pdf,2026-09-08,Lake Michigan+Green Bay (WI waters combined),all fishery types,2022,Walleye,June,13167,402763,0.0535
https://dnr.wisconsin.gov/sites/default/files/topic/LM_LakeMichiganSportHarvestReport2022.pdf,LakeMichigan_SportHarvest_2022.pdf,2026-09-08,Lake Michigan+Green Bay (WI waters combined),all fishery types,2022,Walleye,July,20876,647514,0.0535
https://dnr.wisconsin.gov/sites/default/files/topic/LM_LakeMichiganSportHarvestReport2022.pdf,LakeMichigan_SportHarvest_2022.pdf,2026-09-08,Lake Michigan+Green Bay (WI waters combined),all fishery types,2022,Walleye,August,26837,412191,0.0535
https://dnr.wisconsin.gov/sites/default/files/topic/LM_LakeMichiganSportHarvestReport2022.pdf,LakeMichigan_SportHarvest_2022.pdf,2026-09-08,Lake Michigan+Green Bay (WI waters combined),all fishery types,2022,Walleye,Sept/Oct,15640,465380,0.0535
https://dnr.wisconsin.gov/sites/default/files/topic/Fishing/LM_LakeMichiganSportHarvestReport2024.pdf,LakeMichigan_SportHarvest_2024.pdf,2026-09-08,Lake Michigan+Green Bay (WI waters combined),all fishery types,2024,Coho Salmon,March/April,7380,373872,0.0924
https://dnr.wisconsin.gov/sites/default/files/topic/Fishing/LM_LakeMichiganSportHarvestReport2024.pdf,LakeMichigan_SportHarvest_2024.pdf,2026-09-08,Lake Michigan+Green Bay (WI waters combined),all fishery types,2024,Coho Salmon,May,117856,302166,0.0924
https://dnr.wisconsin.gov/sites/default/files/topic/Fishing/LM_LakeMichiganSportHarvestReport2024.pdf,LakeMichigan_SportHarvest_2024.pdf,2026-09-08,Lake Michigan+Green Bay (WI waters combined),all fishery types,2024,Coho Salmon,June,46093,322287,0.0924
https://dnr.wisconsin.gov/sites/default/files/topic/Fishing/LM_LakeMichiganSportHarvestReport2024.pdf,LakeMichigan_SportHarvest_2024.pdf,2026-09-08,Lake Michigan+Green Bay (WI waters combined),all fishery types,2024,Coho Salmon,July,20351,575201,0.0924
https://dnr.wisconsin.gov/sites/default/files/topic/Fishing/LM_LakeMichiganSportHarvestReport2024.pdf,LakeMichigan_SportHarvest_2024.pdf,2026-09-08,Lake Michigan+Green Bay (WI waters combined),all fishery types,2024,Coho Salmon,August,14228,384304,0.0924
https://dnr.wisconsin.gov/sites/default/files/topic/Fishing/LM_LakeMichiganSportHarvestReport2024.pdf,LakeMichigan_SportHarvest_2024.pdf,2026-09-08,Lake Michigan+Green Bay (WI waters combined),all fishery types,2024,Coho Salmon,Sept/Oct,4983,323107,0.0924
https://dnr.wisconsin.gov/sites/default/files/topic/Fishing/LM_LakeMichiganSportHarvestReport2024.pdf,LakeMichigan_SportHarvest_2024.pdf,2026-09-08,Lake Michigan+Green Bay (WI waters combined),all fishery types,2024,Yellow Perch,March/April,16956,373872,0.0859
https://dnr.wisconsin.gov/sites/default/files/topic/Fishing/LM_LakeMichiganSportHarvestReport2024.pdf,LakeMichigan_SportHarvest_2024.pdf,2026-09-08,Lake Michigan+Green Bay (WI waters combined),all fishery types,2024,Yellow Perch,May,2785,302166,0.0859
https://dnr.wisconsin.gov/sites/default/files/topic/Fishing/LM_LakeMichiganSportHarvestReport2024.pdf,LakeMichigan_SportHarvest_2024.pdf,2026-09-08,Lake Michigan+Green Bay (WI waters combined),all fishery types,2024,Yellow Perch,June,24975,322287,0.0859
https://dnr.wisconsin.gov/sites/default/files/topic/Fishing/LM_LakeMichiganSportHarvestReport2024.pdf,LakeMichigan_SportHarvest_2024.pdf,2026-09-08,Lake Michigan+Green Bay (WI waters combined),all fishery types,2024,Yellow Perch,July,53094,575201,0.0859
https://dnr.wisconsin.gov/sites/default/files/topic/Fishing/LM_LakeMichiganSportHarvestReport2024.pdf,LakeMichigan_SportHarvest_2024.pdf,2026-09-08,Lake Michigan+Green Bay (WI waters combined),all fishery types,2024,Yellow Perch,August,33436,384304,0.0859
https://dnr.wisconsin.gov/sites/default/files/topic/Fishing/LM_LakeMichiganSportHarvestReport2024.pdf,LakeMichigan_SportHarvest_2024.pdf,2026-09-08,Lake Michigan+Green Bay (WI waters combined),all fishery types,2024,Yellow Perch,Sept/Oct,64610,323107,0.0859
https://dnr.wisconsin.gov/sites/default/files/topic/Fishing/LM_LakeMichiganSportHarvestReport2024.pdf,LakeMichigan_SportHarvest_2024.pdf,2026-09-08,Lake Michigan+Green Bay (WI waters combined),all fishery types,2024,Walleye,March/April,18248,373872,0.0297
https://dnr.wisconsin.gov/sites/default/files/topic/Fishing/LM_LakeMichiganSportHarvestReport2024.pdf,LakeMichigan_SportHarvest_2024.pdf,2026-09-08,Lake Michigan+Green Bay (WI waters combined),all fishery types,2024,Walleye,May,8319,302166,0.0297
https://dnr.wisconsin.gov/sites/default/files/topic/Fishing/LM_LakeMichiganSportHarvestReport2024.pdf,LakeMichigan_SportHarvest_2024.pdf,2026-09-08,Lake Michigan+Green Bay (WI waters combined),all fishery types,2024,Walleye,June,793,322287,0.0297
https://dnr.wisconsin.gov/sites/default/files/topic/Fishing/LM_LakeMichiganSportHarvestReport2024.pdf,LakeMichigan_SportHarvest_2024.pdf,2026-09-08,Lake Michigan+Green Bay (WI waters combined),all fishery types,2024,Walleye,July,14022,575201,0.0297
https://dnr.wisconsin.gov/sites/default/files/topic/Fishing/LM_LakeMichiganSportHarvestReport2024.pdf,LakeMichigan_SportHarvest_2024.pdf,2026-09-08,Lake Michigan+Green Bay (WI waters combined),all fishery types,2024,Walleye,August,20028,384304,0.0297
https://dnr.wisconsin.gov/sites/default/files/topic/Fishing/LM_LakeMichiganSportHarvestReport2024.pdf,LakeMichigan_SportHarvest_2024.pdf,2026-09-08,Lake Michigan+Green Bay (WI waters combined),all fishery types,2024,Walleye,Sept/Oct,6305,323107,0.0297
