date,water_level_ft_IGLD
2013-01-01,576.051
2013-01-02,576.04
2013-01-03,576.076
2013-01-04,575.705
2013-01-05,575.926
2013-01-06,576.167
2013-01-07,575.858
2013-01-08,575.858
2013-01-09,575.893
2013-01-10,576.019
2013-01-11,576.342
2013-01-12,576.025
2013-01-13,576.04
2013-01-14,575.973
2013-01-15,575.919
2013-01-16,575.741
2013-01-17,575.969
2013-01-18,575.833
2013-01-19,576.007
2013-01-20,575.835
2013-01-21,575.811
2013-01-22,575.838
2013-01-23,576.026
2013-01-24,576.198
2013-01-25,576.07
2013-01-26,576.116
2013-01-27,576.068
2013-01-28,576.236
2013-01-29,576.283
2013-01-30,576.476
2013-01-31,576.12
2013-02-01,576.058
2013-02-02,576.249
2013-02-03,576.207
2013-02-04,576.195
2013-02-05,576.224
2013-02-06,576.187
2013-02-07,576.491
2013-02-08,576.591
2013-02-09,576.329
2013-02-10,576.46
2013-02-11,576.261
2013-02-12,576.116
2013-02-13,576.189
2013-02-14,576.366
2013-02-15,576.243
2013-02-16,576.304
2013-02-17,576.343
2013-02-18,576.325
2013-02-19,576.269
2013-02-20,576.203
2013-02-21,576.422
2013-02-22,576.556
2013-02-23,576.421
2013-02-24,576.331
2013-02-25,576.354
2013-02-26,576.762
2013-02-27,576.933
2013-02-28,576.73
2013-03-01,576.689
2013-03-02,576.517
2013-03-03,576.417
2013-03-04,576.435
2013-03-05,576.594
2013-03-06,576.516
2013-03-07,576.383
2013-03-08,576.333
2013-03-09,576.443
2013-03-10,576.577
2013-03-11,576.467
2013-03-12,576.341
2013-03-13,576.354
2013-03-14,576.285
2013-03-15,576.438
2013-03-16,576.565
2013-03-17,576.531
2013-03-18,576.595
2013-03-19,576.34
2013-03-20,576.13
2013-03-21,576.256
2013-03-22,576.304
2013-03-23,576.402
2013-03-24,576.667
2013-03-25,576.686
2013-03-26,576.414
2013-03-27,576.302
2013-03-28,576.358
2013-03-29,576.38
2013-03-30,576.369
2013-03-31,576.356
2013-04-01,576.2
2013-04-02,576.216
2013-04-03,576.293
2013-04-04,576.251
2013-04-05,576.384
2013-04-06,576.463
2013-04-07,576.478
2013-04-08,576.594
2013-04-09,576.711
2013-04-10,576.977
2013-04-11,577.152
2013-04-12,577.253
2013-04-13,576.776
2013-04-14,576.723
2013-04-15,576.981
2013-04-16,576.688
2013-04-17,577.003
2013-04-18,577.27
2013-04-19,576.749
2013-04-20,576.714
2013-04-21,576.994
2013-04-22,577.152
2013-04-23,577.137
2013-04-24,576.961
2013-04-25,576.983
2013-04-26,577.089
2013-04-27,577.215
2013-04-28,577.244
2013-04-29,577.261
2013-04-30,577.323
2013-05-01,577.391
2013-05-02,577.489
2013-05-03,577.563
2013-05-04,577.493
2013-05-05,577.424
2013-05-06,577.384
2013-05-07,577.357
2013-05-08,577.345
2013-05-09,577.393
2013-05-10,577.7
2013-05-11,577.352
2013-05-12,577.09
2013-05-13,577.161
2013-05-14,577.468
2013-05-15,577.394
2013-05-16,577.284
2013-05-17,577.503
2013-05-18,577.521
2013-05-19,577.52
2013-05-20,577.602
2013-05-21,577.617
2013-05-22,577.561
2013-05-23,577.75
2013-05-24,577.557
2013-05-25,577.546
2013-05-26,577.611
2013-05-27,577.688
2013-05-28,577.774
2013-05-29,577.67
2013-05-30,577.669
2013-05-31,577.729
2013-06-01,577.688
2013-06-02,577.639
2013-06-03,577.571
2013-06-04,577.727
2013-06-05,577.836
2013-06-06,577.853
2013-06-07,577.731
2013-06-08,577.756
2013-06-09,577.868
2013-06-10,577.921
2013-06-11,577.75
2013-06-12,577.878
2013-06-13,577.795
2013-06-14,577.77
2013-06-15,577.803
2013-06-16,577.804
2013-06-17,577.859
2013-06-18,577.976
2013-06-19,577.896
2013-06-20,577.882
2013-06-21,577.892
2013-06-22,577.892
2013-06-23,577.826
2013-06-24,577.789
2013-06-25,577.819
2013-06-26,577.891
2013-06-27,577.898
2013-06-28,577.851
2013-06-29,578.021
2013-06-30,578.038
2013-07-01,578.098
2013-07-02,578.047
2013-07-03,578.027
2013-07-04,577.966
2013-07-05,577.891
2013-07-06,577.858
2013-07-07,577.851
2013-07-08,577.97
2013-07-09,577.917
2013-07-10,577.842
2013-07-11,577.836
2013-07-12,577.945
2013-07-13,577.948
2013-07-14,577.944
2013-07-15,577.927
2013-07-16,577.885
2013-07-17,577.791
2013-07-18,577.797
2013-07-19,577.719
2013-07-20,577.844
2013-07-21,577.931
2013-07-22,577.921
2013-07-23,577.888
2013-07-24,577.855
2013-07-25,577.848
2013-07-26,577.839
2013-07-27,577.859
2013-07-28,577.751
2013-07-29,577.836
2013-07-30,577.808
2013-07-31,577.85
2013-08-01,577.774
2013-08-02,577.811
2013-08-03,577.787
2013-08-04,577.786
2013-08-05,577.798
2013-08-06,577.878
2013-08-07,577.894
2013-08-08,577.807
2013-08-09,577.805
2013-08-10,577.789
2013-08-11,577.806
2013-08-12,577.846
2013-08-13,577.873
2013-08-14,577.798
2013-08-15,577.733
2013-08-16,577.822
2013-08-17,577.809
2013-08-18,577.766
2013-08-19,577.705
2013-08-20,577.66
2013-08-21,577.651
2013-08-22,577.695
2013-08-23,577.768
2013-08-24,577.742
2013-08-25,577.564
2013-08-26,577.564
2013-08-27,577.755
2013-08-28,577.795
2013-08-29,577.763
2013-08-30,577.762
2013-08-31,577.847
2013-09-01,577.856
2013-09-02,577.767
2013-09-03,577.63
2013-09-04,577.729
2013-09-05,577.842
2013-09-06,577.69
2013-09-07,577.736
2013-09-08,577.943
2013-09-09,577.832
2013-09-10,577.73
2013-09-11,577.709
2013-09-12,577.816
2013-09-13,577.902
2013-09-14,577.791
2013-09-15,577.801
2013-09-16,577.985
2013-09-17,577.8
2013-09-18,577.745
2013-09-19,577.72
2013-09-20,577.616
2013-09-21,577.618
2013-09-22,577.678
2013-09-23,577.763
2013-09-24,577.713
2013-09-25,577.734
2013-09-26,577.689
2013-09-27,577.684
2013-09-28,577.649
2013-09-29,577.596
2013-09-30,577.526
2013-10-01,577.432
2013-10-02,577.441
2013-10-03,577.656
2013-10-04,577.847
2013-10-05,577.931
2013-10-06,577.961
2013-10-07,577.642
2013-10-08,577.628
2013-10-09,577.67
2013-10-10,577.689
2013-10-11,577.779
2013-10-12,577.674
2013-10-13,577.547
2013-10-14,577.626
2013-10-15,577.724
2013-10-16,577.584
2013-10-17,577.505
2013-10-18,577.518
2013-10-19,577.5
2013-10-20,577.477
2013-10-21,577.387
2013-10-22,577.215
2013-10-23,577.365
2013-10-24,577.292
2013-10-25,577.201
2013-10-26,577.143
2013-10-27,577.263
2013-10-28,577.626
2013-10-29,577.6
2013-10-30,577.558
2013-10-31,577.591
2013-11-01,577.424
2013-11-02,577.609
2013-11-03,577.697
2013-11-04,577.625
2013-11-05,577.608
2013-11-06,577.608
2013-11-07,577.396
2013-11-08,577.416
2013-11-09,577.512
2013-11-10,577.25
2013-11-11,577.41
2013-11-12,577.385
2013-11-13,577.072
2013-11-14,577.01
2013-11-15,577.34
2013-11-16,577.484
2013-11-17,577.622
2013-11-18,577.252
2013-11-19,577.288
2013-11-20,577.588
2013-11-21,577.727
2013-11-22,577.598
2013-11-23,577.413
2013-11-24,577.283
2013-11-25,577.026
2013-11-26,577.345
2013-11-27,577.528
2013-11-28,577.565
2013-11-29,577.639
2013-11-30,577.511
2013-12-01,577.639
2013-12-02,577.641
2013-12-03,577.8
2013-12-04,577.965
2013-12-05,577.553
2013-12-06,577.197
2013-12-07,577.266
2013-12-08,577.53
2013-12-09,577.399
2013-12-10,577.054
2013-12-11,577.062
2013-12-12,577.012
2013-12-13,577.325
2013-12-14,577.754
2013-12-15,577.539
2013-12-16,577.43
2013-12-17,577.397
2013-12-18,577.251
2013-12-19,577.517
2013-12-20,577.73
2013-12-21,577.721
2013-12-22,577.903
2013-12-23,577.632
2013-12-24,577.542
2013-12-25,577.388
2013-12-26,577.434
2013-12-27,577.318
2013-12-28,577.331
2013-12-29,577.612
2013-12-30,577.361
2013-12-31,577.327
2014-01-01,577.482
2014-01-02,577.618
2014-01-03,577.217
2014-01-04,577.122
2014-01-05,577.405
2014-01-06,577.17
2014-01-07,576.921
2014-01-08,577.119
2014-01-09,577.294
2014-01-10,577.409
2014-01-11,577.393
2014-01-12,577.204
2014-01-13,577.361
2014-01-14,577.474
2014-01-15,577.495
2014-01-16,577.303
2014-01-17,577.492
2014-01-18,577.43
2014-01-19,577.271
2014-01-20,577.562
2014-01-21,577.576
2014-01-22,577.481
2014-01-23,577.648
2014-01-24,577.072
2014-01-25,577.311
2014-01-26,577.321
2014-01-27,577.277
2014-01-28,577.035
2014-01-29,577.01
2014-01-30,577.142
2014-01-31,577.322
2014-02-01,577.467
2014-02-02,577.394
2014-02-03,577.362
2014-02-04,577.501
2014-02-05,577.679
2014-02-06,577.29
2014-02-07,577.14
2014-02-08,577.319
2014-02-09,577.409
2014-02-10,577.354
2014-02-11,577.369
2014-02-12,577.379
2014-02-13,577.423
2014-02-14,577.473
2014-02-15,577.381
2014-02-16,577.54
2014-02-17,577.547
2014-02-18,577.487
2014-02-19,577.411
2014-02-20,577.578
2014-02-21,577.142
2014-02-22,577.169
2014-02-23,577.161
2014-02-24,577.233
2014-02-25,577.291
2014-02-26,577.097
2014-02-27,577.309
2014-02-28,577.36
2014-03-01,577.529
2014-03-02,577.385
2014-03-03,577.403
2014-03-04,577.482
2014-03-05,577.555
2014-03-06,577.553
2014-03-07,577.512
2014-03-08,577.467
2014-03-09,577.321
2014-03-10,577.383
2014-03-11,577.439
2014-03-12,577.64
2014-03-13,577.37
2014-03-14,577.384
2014-03-15,577.463
2014-03-16,577.52
2014-03-17,577.523
2014-03-18,577.632
2014-03-19,577.56
2014-03-20,577.348
2014-03-21,577.458
2014-03-22,577.505
2014-03-23,577.395
2014-03-24,577.427
2014-03-25,577.438
2014-03-26,577.376
2014-03-27,577.555
2014-03-28,577.623
2014-03-29,577.532
2014-03-30,577.551
2014-03-31,577.621
2014-04-01,577.592
2014-04-02,577.525
2014-04-03,577.72
2014-04-04,577.716
2014-04-05,577.489
2014-04-06,577.548
2014-04-07,577.692
2014-04-08,577.567
2014-04-09,577.515
2014-04-10,577.557
2014-04-11,577.615
2014-04-12,577.815
2014-04-13,577.995
2014-04-14,578.081
2014-04-15,577.764
2014-04-16,577.919
2014-04-17,578.133
2014-04-18,577.969
2014-04-19,577.925
2014-04-20,578.069
2014-04-21,578.009
2014-04-22,577.923
2014-04-23,577.927
2014-04-24,578.159
2014-04-25,578.234
2014-04-26,578.116
2014-04-27,578.229
2014-04-28,578.543
2014-04-29,578.589
2014-04-30,578.486
2014-05-01,578.247
2014-05-02,578.19
2014-05-03,578.243
2014-05-04,578.203
2014-05-05,578.3
2014-05-06,578.45
2014-05-07,578.611
2014-05-08,578.621
2014-05-09,578.426
2014-05-10,578.235
2014-05-11,578.458
2014-05-12,578.569
2014-05-13,578.566
2014-05-14,578.465
2014-05-15,578.6
2014-05-16,578.454
2014-05-17,578.542
2014-05-18,578.572
2014-05-19,578.607
2014-05-20,578.801
2014-05-21,578.702
2014-05-22,578.585
2014-05-23,578.554
2014-05-24,578.657
2014-05-25,578.67
2014-05-26,578.662
2014-05-27,578.683
2014-05-28,578.791
2014-05-29,578.801
2014-05-30,578.744
2014-05-31,578.814
2014-06-01,578.833
2014-06-02,578.755
2014-06-03,578.64
2014-06-04,578.733
2014-06-05,578.755
2014-06-06,578.761
2014-06-07,578.851
2014-06-08,578.839
2014-06-09,578.836
2014-06-10,578.889
2014-06-11,578.98
2014-06-12,578.836
2014-06-13,578.716
2014-06-14,578.82
2014-06-15,579.011
2014-06-16,578.918
2014-06-17,578.871
2014-06-18,578.952
2014-06-19,579.037
2014-06-20,579.122
2014-06-21,579.036
2014-06-22,579.031
2014-06-23,579.065
2014-06-24,579.045
2014-06-25,579.073
2014-06-26,579.039
2014-06-27,579.097
2014-06-28,579.167
2014-06-29,579.053
2014-06-30,578.961
2014-07-01,578.91
2014-07-02,578.949
2014-07-03,578.999
2014-07-04,579.0
2014-07-05,578.921
2014-07-06,578.912
2014-07-07,578.959
2014-07-08,579.004
2014-07-09,578.949
2014-07-10,579.068
2014-07-11,579.07
2014-07-12,579.052
2014-07-13,579.06
2014-07-14,579.124
2014-07-15,579.124
2014-07-16,579.044
2014-07-17,579.13
2014-07-18,579.15
2014-07-19,579.187
2014-07-20,579.161
2014-07-21,579.11
2014-07-22,579.091
2014-07-23,579.06
2014-07-24,579.107
2014-07-25,579.026
2014-07-26,579.045
2014-07-27,579.132
2014-07-28,579.201
2014-07-29,579.08
2014-07-30,579.105
2014-07-31,579.109
2014-08-01,579.14
2014-08-02,579.174
2014-08-03,579.121
2014-08-04,579.149
2014-08-05,579.197
2014-08-06,579.161
2014-08-07,579.167
2014-08-08,579.234
2014-08-09,579.222
2014-08-10,579.205
2014-08-11,579.279
2014-08-12,579.323
2014-08-13,579.168
2014-08-14,579.213
2014-08-15,579.115
2014-08-16,579.138
2014-08-17,579.357
2014-08-18,579.335
2014-08-19,579.366
2014-08-20,579.299
2014-08-21,579.317
2014-08-22,579.326
2014-08-23,579.37
2014-08-24,579.399
2014-08-25,579.341
2014-08-26,579.241
2014-08-27,579.229
2014-08-28,579.255
2014-08-29,579.305
2014-08-30,579.23
2014-08-31,579.152
2014-09-01,579.178
2014-09-02,579.122
2014-09-03,579.124
2014-09-04,579.191
2014-09-05,579.114
2014-09-06,579.141
2014-09-07,579.164
2014-09-08,579.238
2014-09-09,579.328
2014-09-10,579.381
2014-09-11,579.321
2014-09-12,579.338
2014-09-13,579.36
2014-09-14,579.173
2014-09-15,579.2
2014-09-16,579.176
2014-09-17,579.143
2014-09-18,579.385
2014-09-19,579.25
2014-09-20,579.026
2014-09-21,579.283
2014-09-22,579.181
2014-09-23,579.172
2014-09-24,579.353
2014-09-25,579.356
2014-09-26,579.329
2014-09-27,579.323
2014-09-28,579.274
2014-09-29,579.389
2014-09-30,579.476
2014-10-01,579.43
2014-10-02,579.531
2014-10-03,579.435
2014-10-04,579.191
2014-10-05,579.174
2014-10-06,579.239
2014-10-07,579.196
2014-10-08,579.084
2014-10-09,579.031
2014-10-10,579.21
2014-10-11,579.244
2014-10-12,579.277
2014-10-13,579.442
2014-10-14,579.673
2014-10-15,579.758
2014-10-16,579.502
2014-10-17,579.437
2014-10-18,579.516
2014-10-19,579.392
2014-10-20,579.445
2014-10-21,579.601
2014-10-22,579.556
2014-10-23,579.449
2014-10-24,579.431
2014-10-25,579.222
2014-10-26,579.164
2014-10-27,579.534
2014-10-28,579.391
2014-10-29,579.189
2014-10-30,579.341
2014-10-31,579.919
2014-11-01,579.649
2014-11-02,579.298
2014-11-03,579.288
2014-11-04,579.294
2014-11-05,579.171
2014-11-06,579.588
2014-11-07,579.357
2014-11-08,579.258
2014-11-09,579.233
2014-11-10,579.636
2014-11-11,579.79
2014-11-12,579.276
2014-11-13,579.123
2014-11-14,579.282
2014-11-15,579.218
2014-11-16,579.142
2014-11-17,579.067
2014-11-18,578.746
2014-11-19,578.929
2014-11-20,578.852
2014-11-21,578.897
2014-11-22,578.888
2014-11-23,579.245
2014-11-24,579.351
2014-11-25,579.209
2014-11-26,579.406
2014-11-27,579.436
2014-11-28,579.328
2014-11-29,579.504
2014-11-30,579.445
2014-12-01,579.189
2014-12-02,579.274
2014-12-03,579.163
2014-12-04,579.154
2014-12-05,579.4
2014-12-06,579.401
2014-12-07,579.351
2014-12-08,579.422
2014-12-09,579.434
2014-12-10,579.417
2014-12-11,579.149
2014-12-12,579.137
2014-12-13,579.177
2014-12-14,579.232
2014-12-15,579.405
2014-12-16,579.395
2014-12-17,579.224
2014-12-18,579.35
2014-12-19,579.379
2014-12-20,579.363
2014-12-21,579.311
2014-12-22,579.449
2014-12-23,579.661
2014-12-24,579.384
2014-12-25,579.081
2014-12-26,579.351
2014-12-27,579.393
2014-12-28,579.228
2014-12-29,579.264
2014-12-30,579.188
2014-12-31,578.736
2015-01-01,578.587
2015-01-02,579.016
2015-01-03,579.423
2015-01-04,579.397
2015-01-05,578.882
2015-01-06,578.959
2015-01-07,579.0
2015-01-08,578.665
2015-01-09,578.822
2015-01-10,578.702
2015-01-11,579.039
2015-01-12,579.335
2015-01-13,579.315
2015-01-14,579.201
2015-01-15,579.085
2015-01-16,579.154
2015-01-17,579.228
2015-01-18,579.196
2015-01-19,579.268
2015-01-20,579.419
2015-01-21,579.406
2015-01-22,579.223
2015-01-23,578.942
2015-01-24,579.139
2015-01-25,579.531
2015-01-26,579.372
2015-01-27,579.391
2015-01-28,579.257
2015-01-29,579.408
2015-01-30,579.219
2015-01-31,579.266
2015-02-01,579.789
2015-02-02,579.435
2015-02-03,579.18
2015-02-04,579.238
2015-02-05,579.027
2015-02-06,579.076
2015-02-07,579.326
2015-02-08,579.62
2015-02-09,579.527
2015-02-10,579.326
2015-02-11,579.28
2015-02-12,579.288
2015-02-13,579.121
2015-02-14,579.312
2015-02-15,579.329
2015-02-16,579.282
2015-02-17,579.267
2015-02-18,579.215
2015-02-19,579.172
2015-02-20,579.118
2015-02-21,579.311
2015-02-22,579.206
2015-02-23,579.005
2015-02-24,578.986
2015-02-25,579.186
2015-02-26,579.31
2015-02-27,579.133
2015-02-28,579.147
2015-03-02,579.08
2015-03-03,579.152
2015-03-04,579.131
2015-03-05,579.083
2015-03-06,579.053
2015-03-07,579.131
2015-03-08,579.072
2015-03-09,579.118
2015-03-10,579.13
2015-03-11,579.111
2015-03-12,579.191
2015-03-13,579.265
2015-03-14,579.186
2015-03-15,579.05
2015-03-16,579.259
2015-03-17,579.106
2015-03-18,579.092
2015-03-19,579.212
2015-03-20,579.222
2015-03-21,579.205
2015-03-22,579.124
2015-03-23,579.266
2015-03-24,579.301
2015-03-25,579.266
2015-03-26,579.198
2015-03-27,579.214
2015-03-28,579.158
2015-03-29,578.907
2015-03-30,579.028
2015-03-31,579.18
2015-04-01,579.2
2015-04-02,579.207
2015-04-03,579.147
2015-04-04,579.07
2015-04-05,579.261
2015-04-06,579.413
2015-04-07,579.451
2015-04-08,579.528
2015-04-09,579.558
2015-04-10,579.334
2015-04-11,579.228
2015-04-12,579.354
2015-04-13,579.354
2015-04-14,579.294
2015-04-15,579.439
2015-04-16,579.514
2015-04-17,579.372
2015-04-18,579.479
2015-04-19,579.707
2015-04-20,579.69
2015-04-21,579.315
2015-04-22,579.319
2015-04-23,579.27
2015-04-24,579.405
2015-04-25,579.622
2015-04-26,579.495
2015-04-27,579.433
2015-04-28,579.495
2015-04-29,579.44
2015-04-30,579.422
2015-05-01,579.43
2015-05-02,579.441
2015-05-03,579.429
2015-05-04,579.431
2015-05-05,579.474
2015-05-06,579.569
2015-05-07,579.545
2015-05-08,579.491
2015-05-09,579.55
2015-05-10,579.691
2015-05-11,579.705
2015-05-12,579.458
2015-05-13,579.48
2015-05-14,579.652
2015-05-15,579.719
2015-05-16,579.606
2015-05-17,579.696
2015-05-18,579.549
2015-05-19,579.422
2015-05-20,579.383
2015-05-21,579.483
2015-05-22,579.493
2015-05-23,579.518
2015-05-24,579.54
2015-05-25,579.673
2015-05-26,579.652
2015-05-27,579.59
2015-05-28,579.636
2015-05-29,579.76
2015-05-30,579.815
2015-05-31,579.915
2015-06-01,579.782
2015-06-02,579.771
2015-06-03,579.811
2015-06-04,579.798
2015-06-05,579.728
2015-06-06,579.798
2015-06-07,579.855
2015-06-08,579.71
2015-06-09,579.749
2015-06-10,579.781
2015-06-11,579.844
2015-06-12,579.985
2015-06-13,579.973
2015-06-14,580.042
2015-06-15,579.958
2015-06-16,579.9
2015-06-17,579.986
2015-06-18,580.03
2015-06-19,579.991
2015-06-20,580.047
2015-06-21,579.965
2015-06-22,579.89
2015-06-23,579.914
2015-06-24,579.902
2015-06-25,580.046
2015-06-26,580.084
2015-06-27,580.06
2015-06-28,579.952
2015-06-29,580.01
2015-06-30,580.049
2015-07-01,579.984
2015-07-02,580.036
2015-07-03,579.99
2015-07-04,579.99
2015-07-05,580.005
2015-07-06,579.99
2015-07-07,579.99
2015-07-08,579.992
2015-07-09,580.033
2015-07-10,579.941
2015-07-11,579.959
2015-07-12,579.977
2015-07-13,579.976
2015-07-14,580.07
2015-07-15,580.077
2015-07-16,580.077
2015-07-17,580.122
2015-07-18,579.968
2015-07-19,579.923
2015-07-20,579.852
2015-07-21,579.911
2015-07-22,579.927
2015-07-23,579.952
2015-07-24,579.933
2015-07-25,579.925
2015-07-26,579.953
2015-07-27,579.944
2015-07-28,579.977
2015-07-29,579.894
2015-07-30,579.737
2015-07-31,579.801
2015-08-01,579.811
2015-08-02,579.838
2015-08-03,579.842
2015-08-04,579.898
2015-08-05,579.918
2015-08-06,579.999
2015-08-07,580.061
2015-08-08,580.069
2015-08-09,580.029
2015-08-10,579.978
2015-08-11,579.919
2015-08-12,579.857
2015-08-13,579.797
2015-08-14,579.886
2015-08-15,579.941
2015-08-16,579.845
2015-08-17,579.846
2015-08-18,579.986
2015-08-19,579.895
2015-08-20,579.685
2015-08-21,579.735
2015-08-22,579.863
2015-08-23,579.798
2015-08-24,579.591
2015-08-25,579.608
2015-08-26,579.697
2015-08-27,579.762
2015-08-28,579.763
2015-08-29,579.768
2015-08-30,579.78
2015-08-31,579.725
2015-09-01,579.77
2015-09-02,579.78
2015-09-03,579.863
2015-09-04,579.917
2015-09-05,579.899
2015-09-06,579.823
2015-09-07,579.785
2015-09-08,579.901
2015-09-09,579.801
2015-09-10,579.828
2015-09-11,579.933
2015-09-12,579.905
2015-09-13,579.867
2015-09-14,579.746
2015-09-15,579.776
2015-09-16,579.702
2015-09-17,579.672
2015-09-18,579.815
2015-09-19,579.803
2015-09-20,579.709
2015-09-21,579.816
2015-09-22,579.786
2015-09-23,579.802
2015-09-24,579.92
2015-09-25,579.932
2015-09-26,579.965
2015-09-27,579.874
2015-09-28,579.75
2015-09-29,579.946
2015-09-30,580.071
2015-10-01,580.198
2015-10-02,580.259
2015-10-03,580.358
2015-10-04,580.087
2015-10-05,579.848
2015-10-06,579.716
2015-10-07,579.697
2015-10-08,579.747
2015-10-09,579.744
2015-10-10,579.433
2015-10-11,579.307
2015-10-12,579.413
2015-10-13,579.362
2015-10-14,579.306
2015-10-15,579.319
2015-10-16,579.372
2015-10-17,579.399
2015-10-18,579.426
2015-10-19,579.148
2015-10-20,579.329
2015-10-21,579.524
2015-10-22,579.32
2015-10-23,579.457
2015-10-24,579.459
2015-10-25,579.243
2015-10-26,579.405
2015-10-27,579.573
2015-10-28,579.61
2015-10-29,579.203
2015-10-30,579.214
2015-10-31,579.232
2015-11-01,579.144
2015-11-02,579.283
2015-11-03,579.379
2015-11-04,579.384
2015-11-05,579.24
2015-11-06,579.177
2015-11-07,579.107
2015-11-08,579.067
2015-11-09,579.104
2015-11-10,579.29
2015-11-11,579.336
2015-11-12,579.3
2015-11-13,579.047
2015-11-14,579.088
2015-11-15,579.204
2015-11-16,579.414
2015-11-17,579.632
2015-11-18,579.516
2015-11-19,578.948
2015-11-20,578.723
2015-11-21,579.22
2015-11-22,579.095
2015-11-23,579.18
2015-11-24,579.253
2015-11-25,579.265
2015-11-26,579.3
2015-11-27,579.596
2015-11-28,579.34
2015-11-29,579.318
2015-11-30,579.476
2015-12-01,579.489
2015-12-02,579.357
2015-12-03,579.15
2015-12-04,579.066
2015-12-05,579.158
2015-12-06,579.189
2015-12-07,579.245
2015-12-08,579.233
2015-12-09,579.27
2015-12-10,579.069
2015-12-11,579.053
2015-12-12,579.328
2015-12-13,579.627
2015-12-14,579.533
2015-12-15,579.454
2015-12-16,579.589
2015-12-17,579.281
2015-12-18,579.068
2015-12-19,578.944
2015-12-20,579.158
2015-12-21,579.511
2015-12-22,579.494
2015-12-23,579.518
2015-12-24,579.158
2015-12-25,579.344
2015-12-26,579.671
2015-12-27,579.713
2015-12-28,580.126
2015-12-29,580.223
2015-12-30,579.721
2015-12-31,579.359
2016-01-01,579.179
2016-01-02,579.178
2016-01-03,579.308
2016-01-04,579.648
2016-01-05,579.251
2016-01-06,579.125
2016-01-07,579.468
2016-01-08,579.571
2016-01-09,579.579
2016-01-10,579.346
2016-01-11,579.171
2016-01-12,579.376
2016-01-13,579.215
2016-01-14,579.528
2016-01-15,579.857
2016-01-16,579.455
2016-01-17,579.226
2016-01-18,579.17
2016-01-19,579.298
2016-01-20,579.361
2016-01-21,579.396
2016-01-22,579.508
2016-01-23,579.414
2016-01-24,579.278
2016-01-25,579.513
2016-01-26,579.382
2016-01-27,579.106
2016-01-28,579.164
2016-01-29,579.238
2016-01-30,579.214
2016-01-31,579.295
2016-02-01,579.277
2016-02-02,579.712
2016-02-03,579.694
2016-02-04,579.404
2016-02-05,579.438
2016-02-06,579.242
2016-02-07,579.354
2016-02-08,579.52
2016-02-09,579.438
2016-02-10,579.491
2016-02-11,579.407
2016-02-12,579.294
2016-02-13,579.371
2016-02-14,579.463
2016-02-15,579.468
2016-02-16,579.387
2016-02-17,579.364
2016-02-18,579.428
2016-02-19,579.459
2016-02-20,579.29
2016-02-21,579.439
2016-02-22,579.509
2016-02-23,579.515
2016-02-24,579.765
2016-02-25,579.579
2016-02-26,579.309
2016-02-27,579.14
2016-02-28,579.524
2016-02-29,579.326
2016-03-01,579.429
2016-03-02,579.44
2016-03-03,579.541
2016-03-04,579.453
2016-03-05,579.481
2016-03-06,579.317
2016-03-07,579.404
2016-03-08,579.544
2016-03-09,579.463
2016-03-10,579.468
2016-03-11,579.421
2016-03-12,579.458
2016-03-13,579.647
2016-03-14,579.701
2016-03-15,579.657
2016-03-16,579.694
2016-03-17,579.552
2016-03-18,579.671
2016-03-19,579.834
2016-03-20,579.673
2016-03-21,579.536
2016-03-22,579.795
2016-03-23,580.115
2016-03-24,580.418
2016-03-25,579.961
2016-03-26,579.818
2016-03-27,579.918
2016-03-28,579.778
2016-03-29,579.779
2016-03-30,579.912
2016-03-31,580.11
2016-04-01,579.853
2016-04-02,579.938
2016-04-03,580.1
2016-04-04,580.367
2016-04-05,580.042
2016-04-06,580.136
2016-04-07,580.268
2016-04-08,580.157
2016-04-09,580.226
2016-04-10,580.104
2016-04-11,580.142
2016-04-12,579.973
2016-04-13,580.178
2016-04-14,580.241
2016-04-15,580.261
2016-04-16,580.267
2016-04-17,580.207
2016-04-18,580.221
2016-04-19,580.298
2016-04-20,580.309
2016-04-21,580.308
2016-04-22,580.298
2016-04-23,580.281
2016-04-24,580.387
2016-04-25,580.631
2016-04-26,580.701
2016-04-27,580.456
2016-04-28,580.525
2016-04-29,580.367
2016-04-30,580.399
2016-05-01,580.481
2016-05-02,580.261
2016-05-03,580.253
2016-05-04,580.397
2016-05-05,580.292
2016-05-06,580.246
2016-05-07,580.36
2016-05-08,580.221
2016-05-09,580.393
2016-05-10,580.583
2016-05-11,580.435
2016-05-12,580.363
2016-05-13,580.18
2016-05-14,580.233
2016-05-15,580.119
2016-05-16,580.318
2016-05-17,580.408
2016-05-18,580.351
2016-05-19,580.327
2016-05-20,580.368
2016-05-21,580.317
2016-05-22,580.301
2016-05-23,580.342
2016-05-24,580.282
2016-05-25,580.387
2016-05-26,580.404
2016-05-27,580.361
2016-05-28,580.431
2016-05-29,580.332
2016-05-30,580.263
2016-05-31,580.401
2016-06-01,580.527
2016-06-02,580.317
2016-06-03,580.351
2016-06-04,580.486
2016-06-05,580.356
2016-06-06,580.228
2016-06-07,580.275
2016-06-08,580.225
2016-06-09,580.353
2016-06-10,580.424
2016-06-11,580.357
2016-06-12,580.245
2016-06-13,580.433
2016-06-14,580.506
2016-06-15,580.579
2016-06-16,580.542
2016-06-17,580.412
2016-06-18,580.43
2016-06-19,580.405
2016-06-20,580.29
2016-06-21,580.291
2016-06-22,580.414
2016-06-23,580.446
2016-06-24,580.403
2016-06-25,580.407
2016-06-26,580.386
2016-06-27,580.306
2016-06-28,580.382
2016-06-29,580.324
2016-06-30,580.313
2016-07-01,580.386
2016-07-02,580.26
2016-07-03,580.311
2016-07-04,580.375
2016-07-05,580.273
2016-07-06,580.245
2016-07-07,580.318
2016-07-08,580.346
2016-07-09,580.304
2016-07-10,580.339
2016-07-11,580.408
2016-07-12,580.3
2016-07-13,580.208
2016-07-14,580.109
2016-07-15,580.226
2016-07-16,580.251
2016-07-17,580.206
2016-07-18,580.186
2016-07-19,580.23
2016-07-20,580.249
2016-07-21,580.172
2016-07-22,580.162
2016-07-23,580.25
2016-07-24,580.259
2016-07-25,580.185
2016-07-26,580.161
2016-07-27,580.232
2016-07-28,580.367
2016-07-29,580.458
2016-07-30,580.416
2016-07-31,580.387
2016-08-01,580.374
2016-08-02,580.371
2016-08-03,580.335
2016-08-04,580.256
2016-08-05,580.187
2016-08-06,580.125
2016-08-07,580.194
2016-08-08,580.256
2016-08-09,580.203
2016-08-10,580.138
2016-08-11,580.171
2016-08-12,580.207
2016-08-13,580.285
2016-08-14,580.177
2016-08-15,580.289
2016-08-16,580.292
2016-08-17,580.213
2016-08-18,580.266
2016-08-19,580.302
2016-08-20,580.21
2016-08-21,580.085
2016-08-22,580.105
2016-08-23,580.02
2016-08-24,580.102
2016-08-25,580.092
2016-08-26,580.046
2016-08-27,580.249
2016-08-28,580.184
2016-08-29,580.161
2016-08-30,580.203
2016-08-31,580.213
2016-09-01,580.335
2016-09-02,580.354
2016-09-03,580.279
2016-09-04,580.269
2016-09-05,580.151
2016-09-06,580.118
2016-09-07,580.2
2016-09-08,580.171
2016-09-09,580.125
2016-09-10,580.213
2016-09-11,579.984
2016-09-12,579.961
2016-09-13,579.987
2016-09-14,580.059
2016-09-15,580.098
2016-09-16,580.043
2016-09-17,580.016
2016-09-18,579.925
2016-09-19,579.898
2016-09-20,579.872
2016-09-21,580.043
2016-09-22,580.036
2016-09-23,580.223
2016-09-24,580.118
2016-09-25,580.082
2016-09-26,579.885
2016-09-27,579.626
2016-09-28,580.089
2016-09-29,580.262
2016-09-30,580.299
2016-10-01,580.348
2016-10-02,580.22
2016-10-03,580.18
2016-10-04,580.203
2016-10-05,580.157
2016-10-06,580.062
2016-10-07,579.944
2016-10-08,579.724
2016-10-09,579.898
2016-10-10,579.862
2016-10-11,579.793
2016-10-12,579.839
2016-10-13,579.741
2016-10-14,579.724
2016-10-15,579.6
2016-10-16,579.678
2016-10-17,579.928
2016-10-18,579.774
2016-10-19,579.718
2016-10-20,579.928
2016-10-21,579.875
2016-10-22,579.751
2016-10-23,579.764
2016-10-24,579.695
2016-10-25,579.711
2016-10-26,580.092
2016-10-27,580.072
2016-10-28,579.659
2016-10-29,579.629
2016-10-30,579.764
2016-10-31,579.672
2016-11-01,579.692
2016-11-02,579.675
2016-11-03,579.708
2016-11-04,579.541
2016-11-05,579.514
2016-11-06,579.669
2016-11-07,579.619
2016-11-08,579.58
2016-11-09,579.547
2016-11-10,579.272
2016-11-11,579.567
2016-11-12,579.298
2016-11-13,578.963
2016-11-14,579.288
2016-11-15,579.514
2016-11-16,579.403
2016-11-17,579.521
2016-11-18,579.459
2016-11-19,579.186
2016-11-20,579.124
2016-11-21,579.19
2016-11-22,579.321
2016-11-23,579.547
2016-11-24,579.567
2016-11-25,579.304
2016-11-26,579.249
2016-11-27,579.373
2016-11-28,579.531
2016-11-29,579.514
2016-11-30,579.327
2016-12-01,579.157
2016-12-02,579.045
2016-12-03,579.229
2016-12-04,579.39
2016-12-05,579.239
2016-12-06,579.259
2016-12-07,578.944
2016-12-08,578.783
2016-12-09,579.147
2016-12-10,579.157
2016-12-11,579.357
2016-12-12,579.229
2016-12-13,578.888
2016-12-14,578.451
2016-12-15,578.353
2016-12-16,578.76
2016-12-17,579.255
2016-12-18,579.147
2016-12-19,578.645
2016-12-20,578.406
2016-12-21,578.737
2016-12-22,578.94
2016-12-23,578.829
2016-12-24,579.075
2016-12-25,579.301
2016-12-26,579.232
2016-12-27,578.845
2016-12-28,578.937
2016-12-29,578.953
2016-12-30,578.793
2016-12-31,579.049
2017-01-01,578.914
2017-01-02,579.255
2017-01-03,579.242
2017-01-04,578.737
2017-01-05,578.593
2017-01-06,578.878
2017-01-07,578.839
2017-01-08,578.77
2017-01-09,578.862
2017-01-10,578.97
2017-01-11,578.98
2017-01-12,579.035
2017-01-13,578.852
2017-01-14,579.035
2017-01-15,579.006
2017-01-16,579.091
2017-01-17,579.311
2017-01-18,579.029
2017-01-19,579.065
2017-01-20,579.288
2017-01-21,579.272
2017-01-22,579.282
2017-01-23,579.239
2017-01-24,579.242
2017-01-25,579.249
2017-01-26,579.134
2017-01-27,578.816
2017-01-28,578.976
2017-01-29,579.114
2017-01-30,579.199
2017-01-31,579.206
2017-02-01,579.055
2017-02-02,578.786
2017-02-03,578.72
2017-02-04,578.789
2017-02-05,578.93
2017-02-06,579.075
2017-02-07,579.413
2017-02-08,579.167
2017-02-09,578.957
2017-02-10,578.845
2017-02-11,579.206
2017-02-12,579.052
2017-02-13,578.875
2017-02-14,579.016
2017-02-15,578.996
2017-02-16,579.088
2017-02-17,579.18
2017-02-18,579.088
2017-02-19,579.019
2017-02-20,579.239
2017-02-21,579.265
2017-02-22,579.101
2017-02-23,579.282
2017-02-24,579.485
2017-02-25,579.288
2017-02-26,578.921
2017-02-27,579.163
2017-02-28,579.468
2017-03-01,579.626
2017-03-02,579.291
2017-03-03,579.285
2017-03-04,579.4
2017-03-05,579.554
2017-03-06,579.514
2017-03-07,579.213
2017-03-08,578.727
2017-03-09,578.904
2017-03-10,579.173
2017-03-11,579.085
2017-03-12,579.318
2017-03-13,579.652
2017-03-14,579.583
2017-03-15,579.239
2017-03-16,579.173
2017-03-17,579.341
2017-03-18,579.39
2017-03-19,579.318
2017-03-20,579.324
2017-03-21,579.295
2017-03-22,579.268
2017-03-23,579.272
2017-03-24,579.465
2017-03-25,579.652
2017-03-26,579.787
2017-03-27,579.508
2017-03-28,579.439
2017-03-29,579.521
2017-03-30,579.859
2017-03-31,579.826
2017-04-01,579.426
2017-04-02,579.462
2017-04-03,579.715
2017-04-04,579.678
2017-04-05,579.577
2017-04-06,579.829
2017-04-07,579.514
2017-04-08,579.57
2017-04-09,579.701
2017-04-10,579.826
2017-04-11,579.902
2017-04-12,579.662
2017-04-13,579.846
2017-04-14,579.918
2017-04-15,579.908
2017-04-16,579.81
2017-04-17,579.915
2017-04-18,580.102
2017-04-19,580.043
2017-04-20,580.256
2017-04-21,580.023
2017-04-22,579.908
2017-04-23,580.007
2017-04-24,580.19
2017-04-25,580.262
2017-04-26,580.236
2017-04-27,580.069
2017-04-28,579.888
2017-04-29,580.135
2017-04-30,580.479
2017-05-01,580.502
2017-05-02,580.171
2017-05-03,580.112
2017-05-04,580.295
2017-05-05,580.282
2017-05-06,580.135
2017-05-07,580.079
2017-05-08,580.105
2017-05-09,580.187
2017-05-10,580.354
2017-05-11,580.328
2017-05-12,580.246
2017-05-13,580.233
2017-05-14,580.19
2017-05-15,580.289
2017-05-16,580.328
2017-05-17,580.262
2017-05-18,580.233
2017-05-19,580.384
2017-05-20,580.545
2017-05-21,580.502
2017-05-22,580.253
2017-05-23,580.367
2017-05-24,580.476
2017-05-25,580.42
2017-05-26,580.328
2017-05-27,580.39
2017-05-28,580.407
2017-05-29,580.292
2017-05-30,580.256
2017-05-31,580.249
2017-06-01,580.276
2017-06-02,580.348
2017-06-03,580.387
2017-06-04,580.44
2017-06-05,580.436
2017-06-06,580.371
2017-06-07,580.41
2017-06-08,580.4
2017-06-09,580.407
2017-06-10,580.295
2017-06-11,580.223
2017-06-12,580.374
2017-06-13,580.41
2017-06-14,580.584
2017-06-15,580.532
2017-06-16,580.413
2017-06-17,580.502
2017-06-18,580.436
2017-06-19,580.377
2017-06-20,580.41
2017-06-21,580.423
2017-06-22,580.554
2017-06-23,580.528
2017-06-24,580.472
2017-06-25,580.532
2017-06-26,580.574
2017-06-27,580.505
2017-06-28,580.551
2017-06-29,580.65
2017-06-30,580.656
2017-07-01,580.63
2017-07-02,580.63
2017-07-03,580.709
2017-07-04,580.774
2017-07-05,580.741
2017-07-06,580.666
2017-07-07,580.814
2017-07-08,580.653
2017-07-09,580.63
2017-07-10,580.801
2017-07-11,580.761
2017-07-12,580.896
2017-07-13,581.086
2017-07-14,580.85
2017-07-15,580.738
2017-07-16,580.938
2017-07-17,580.965
2017-07-18,580.853
2017-07-19,580.843
2017-07-20,580.873
2017-07-21,580.833
2017-07-22,580.925
2017-07-23,580.997
2017-07-24,581.109
2017-07-25,581.017
2017-07-26,580.873
2017-07-27,581.024
2017-07-28,581.165
2017-07-29,580.984
2017-07-30,580.873
2017-07-31,580.889
2017-08-01,580.837
2017-08-02,580.932
2017-08-03,581.138
2017-08-04,580.991
2017-08-05,580.791
2017-08-06,580.922
2017-08-07,580.981
2017-08-08,580.797
2017-08-09,580.873
2017-08-10,580.879
2017-08-11,580.912
2017-08-12,580.84
2017-08-13,580.794
2017-08-14,580.919
2017-08-15,580.896
2017-08-16,580.984
2017-08-17,581.05
2017-08-18,580.833
2017-08-19,580.722
2017-08-20,580.81
2017-08-21,580.824
2017-08-22,580.709
2017-08-23,580.653
2017-08-24,580.883
2017-08-25,580.892
2017-08-26,580.886
2017-08-27,580.876
2017-08-28,580.906
2017-08-29,580.83
2017-08-30,580.784
2017-08-31,580.988
2017-09-01,580.965
2017-09-02,580.81
2017-09-03,580.679
2017-09-04,580.564
2017-09-05,580.656
2017-09-06,580.751
2017-09-07,580.741
2017-09-08,580.84
2017-09-09,580.86
2017-09-10,580.735
2017-09-11,580.689
2017-09-12,580.62
2017-09-13,580.692
2017-09-14,580.61
2017-09-15,580.587
2017-09-16,580.614
2017-09-17,580.577
2017-09-18,580.597
2017-09-19,580.679
2017-09-20,580.679
2017-09-21,580.679
2017-09-22,580.604
2017-09-23,580.564
2017-09-24,580.584
2017-09-25,580.581
2017-09-26,580.541
2017-09-27,580.423
2017-09-28,580.338
2017-09-29,580.561
2017-09-30,580.591
2017-10-01,580.486
2017-10-02,580.518
2017-10-03,580.374
2017-10-04,580.272
2017-10-05,580.253
2017-10-06,580.358
2017-10-07,580.312
2017-10-08,580.233
2017-10-09,580.41
2017-10-10,580.532
2017-10-11,580.735
2017-10-12,580.623
2017-10-13,580.39
2017-10-14,580.538
2017-10-15,580.682
2017-10-16,580.367
2017-10-17,580.223
2017-10-18,580.23
2017-10-19,580.066
2017-10-20,580.177
2017-10-21,580.308
2017-10-22,580.312
2017-10-23,580.367
2017-10-24,580.354
2017-10-25,580.246
2017-10-26,580.541
2017-10-27,580.591
2017-10-28,580.39
2017-10-29,580.387
2017-10-30,580.18
2017-10-31,580.089
2017-11-01,580.404
2017-11-02,580.374
2017-11-03,580.253
2017-11-04,580.548
2017-11-05,580.518
2017-11-06,580.236
2017-11-07,580.364
2017-11-08,580.2
2017-11-09,580.197
2017-11-10,580.269
2017-11-11,580.21
2017-11-12,580.253
2017-11-13,580.256
2017-11-14,580.184
2017-11-15,580.23
2017-11-16,580.21
2017-11-17,580.295
2017-11-18,580.515
2017-11-19,580.157
2017-11-20,580.039
2017-11-21,580.112
2017-11-22,580.112
2017-11-23,580.187
2017-11-24,580.059
2017-11-25,580.138
2017-11-26,580.052
2017-11-27,580.197
2017-11-28,580.226
2017-11-29,580.128
2017-11-30,580.144
2017-12-01,580.112
2017-12-02,580.249
2017-12-03,580.233
2017-12-04,580.292
2017-12-05,579.715
2017-12-06,579.603
2017-12-07,579.839
2017-12-08,579.928
2017-12-09,580.338
2017-12-10,580.125
2017-12-11,580.262
2017-12-12,580.2
2017-12-13,580.331
2017-12-14,580.289
2017-12-15,580.062
2017-12-16,580.259
2017-12-17,580.374
2017-12-18,580.112
2017-12-19,579.79
2017-12-20,579.826
2017-12-21,580.272
2017-12-22,580.384
2017-12-23,580.066
2017-12-24,579.902
2017-12-25,579.82
2017-12-26,579.629
2017-12-27,579.879
2017-12-28,580.02
2017-12-29,580.056
2017-12-30,579.938
2017-12-31,580.013
2018-01-01,579.81
2018-01-02,579.423
2018-01-03,579.678
2018-01-04,579.961
2018-01-05,579.964
2018-01-06,579.888
2018-01-07,579.606
2018-01-08,579.701
2018-01-09,579.813
2018-01-10,579.908
2018-01-11,579.941
2018-01-12,580.108
2018-01-13,579.944
2018-01-14,579.849
2018-01-15,580.135
2018-01-16,580.174
2018-01-17,579.639
2018-01-18,579.603
2018-01-19,579.754
2018-01-20,579.829
2018-01-21,579.997
2018-01-22,580.358
2018-01-23,580.39
2018-01-24,580.098
2018-01-25,580.151
2018-01-26,580.121
2018-01-27,579.882
2018-01-28,580.01
2018-01-29,580.135
2018-01-30,579.941
2018-01-31,579.888
2018-02-01,579.826
2018-02-02,579.783
2018-02-03,579.951
2018-02-04,580.187
2018-02-05,579.829
2018-02-06,579.898
2018-02-07,579.961
2018-02-08,579.849
2018-02-09,580.003
2018-02-10,580.0
2018-02-11,579.948
2018-02-12,579.918
2018-02-13,579.911
2018-02-14,579.846
2018-02-15,579.888
2018-02-16,579.816
2018-02-17,579.783
2018-02-18,579.8
2018-02-19,580.098
2018-02-20,580.23
2018-02-21,580.062
2018-02-22,580.177
2018-02-23,580.171
2018-02-24,580.187
2018-02-25,579.977
2018-02-26,579.908
2018-02-27,580.066
2018-02-28,580.24
2018-03-01,580.322
2018-03-02,580.125
2018-03-03,580.167
2018-03-04,580.285
2018-03-05,580.449
2018-03-06,580.486
2018-03-07,580.289
2018-03-08,580.085
2018-03-09,580.108
2018-03-10,580.141
2018-03-11,580.161
2018-03-12,580.164
2018-03-13,580.207
2018-03-14,580.016
2018-03-15,580.154
2018-03-16,580.098
2018-03-17,580.066
2018-03-18,580.131
2018-03-19,580.427
2018-03-20,580.502
2018-03-21,580.295
2018-03-22,580.098
2018-03-23,580.144
2018-03-24,580.407
2018-03-25,580.312
2018-03-26,580.318
2018-03-27,580.23
2018-03-28,580.072
2018-03-29,580.197
2018-03-30,579.941
2018-03-31,580.0
2018-04-01,579.843
2018-04-02,579.964
2018-04-03,580.459
2018-04-04,580.167
2018-04-05,579.938
2018-04-06,579.941
2018-04-07,579.79
2018-04-08,580.026
2018-04-09,580.059
2018-04-10,579.967
2018-04-11,579.974
2018-04-12,580.194
2018-04-13,580.358
2018-04-14,580.951
2018-04-15,581.266
2018-04-16,580.778
2018-04-17,580.236
2018-04-18,580.354
2018-04-19,580.302
2018-04-20,580.2
2018-04-21,580.322
2018-04-22,580.335
2018-04-23,580.413
2018-04-24,580.407
2018-04-25,580.328
2018-04-26,580.305
2018-04-27,580.446
2018-04-28,580.364
2018-04-29,580.305
2018-04-30,580.341
2018-05-01,580.322
2018-05-02,580.413
2018-05-03,580.486
2018-05-04,580.577
2018-05-05,580.512
2018-05-06,580.62
2018-05-07,580.564
2018-05-08,580.607
2018-05-09,580.679
2018-05-10,580.584
2018-05-11,580.643
2018-05-12,580.787
2018-05-13,580.614
2018-05-14,580.617
2018-05-15,580.699
2018-05-16,580.682
2018-05-17,580.814
2018-05-18,580.938
2018-05-19,580.886
2018-05-20,580.797
2018-05-21,580.876
2018-05-22,580.784
2018-05-23,580.689
2018-05-24,580.728
2018-05-25,580.712
2018-05-26,580.764
2018-05-27,580.787
2018-05-28,580.735
2018-05-29,580.873
2018-05-30,580.965
2018-05-31,580.856
2018-06-01,580.866
2018-06-02,580.971
2018-06-03,580.889
2018-06-04,580.692
2018-06-05,580.807
2018-06-06,580.876
2018-06-07,580.873
2018-06-08,580.922
2018-06-09,580.955
2018-06-10,581.04
2018-06-11,580.997
2018-06-12,580.928
2018-06-13,580.791
2018-06-14,580.755
2018-06-15,580.86
2018-06-16,580.932
2018-06-17,580.837
2018-06-18,580.853
2018-06-19,580.994
2018-06-20,580.951
2018-06-21,581.05
2018-06-22,581.129
2018-06-23,581.01
2018-06-24,580.974
2018-06-25,581.109
2018-06-26,581.145
2018-06-27,581.07
2018-06-28,580.922
2018-06-29,580.945
2018-06-30,580.866
2018-07-01,580.889
2018-07-02,580.83
2018-07-03,580.886
2018-07-04,580.948
2018-07-05,580.866
2018-07-06,580.833
2018-07-07,580.873
2018-07-08,580.794
2018-07-09,580.728
2018-07-10,580.801
2018-07-11,580.82
2018-07-12,580.741
2018-07-13,580.804
2018-07-14,580.814
2018-07-15,580.814
2018-07-16,580.787
2018-07-17,580.738
2018-07-18,580.755
2018-07-19,580.833
2018-07-20,580.984
2018-07-21,581.076
2018-07-22,581.093
2018-07-23,581.037
2018-07-24,580.935
2018-07-25,580.84
2018-07-26,580.787
2018-07-27,580.758
2018-07-28,580.705
2018-07-29,580.781
2018-07-30,580.801
2018-07-31,580.791
2018-08-01,580.761
2018-08-02,580.82
2018-08-03,580.827
2018-08-04,580.722
2018-08-05,580.663
2018-08-06,580.538
2018-08-07,580.712
2018-08-08,580.63
2018-08-09,580.643
2018-08-10,580.709
2018-08-11,580.666
2018-08-12,580.682
2018-08-13,580.692
2018-08-14,580.587
2018-08-15,580.65
2018-08-16,580.699
2018-08-17,580.696
2018-08-18,580.751
2018-08-19,580.787
2018-08-20,580.902
2018-08-21,580.981
2018-08-22,580.689
2018-08-23,580.617
2018-08-24,580.571
2018-08-25,580.64
2018-08-26,580.587
2018-08-27,580.64
2018-08-28,580.528
2018-08-29,580.718
2018-08-30,580.712
2018-08-31,580.741
2018-09-01,580.702
2018-09-02,580.63
2018-09-03,580.669
2018-09-04,580.83
2018-09-05,580.715
2018-09-06,580.83
2018-09-07,580.919
2018-09-08,581.056
2018-09-09,581.073
2018-09-10,580.978
2018-09-11,580.781
2018-09-12,580.758
2018-09-13,580.804
2018-09-14,580.755
2018-09-15,580.718
2018-09-16,580.768
2018-09-17,580.732
2018-09-18,580.728
2018-09-19,580.804
2018-09-20,580.922
2018-09-21,580.653
2018-09-22,580.548
2018-09-23,580.718
2018-09-24,580.863
2018-09-25,580.682
2018-09-26,580.43
2018-09-27,580.371
2018-09-28,580.407
2018-09-29,580.404
2018-09-30,580.591
2018-10-01,580.722
2018-10-02,580.741
2018-10-03,580.532
2018-10-04,580.554
2018-10-05,580.751
2018-10-06,580.863
2018-10-07,580.801
2018-10-08,580.942
2018-10-09,580.761
2018-10-10,580.801
2018-10-11,580.436
2018-10-12,580.259
2018-10-13,580.446
2018-10-14,580.518
2018-10-15,580.502
2018-10-16,580.102
2018-10-17,580.262
2018-10-18,580.223
2018-10-19,580.072
2018-10-20,580.213
2018-10-21,580.367
2018-10-22,580.433
2018-10-23,580.404
2018-10-24,580.413
2018-10-25,580.43
2018-10-26,580.564
2018-10-27,580.656
2018-10-28,580.548
2018-10-29,580.354
2018-10-30,580.427
2018-10-31,580.492
2018-11-01,580.512
2018-11-02,580.581
2018-11-03,580.495
2018-11-04,580.679
2018-11-05,580.673
2018-11-06,580.528
2018-11-07,580.19
2018-11-08,580.266
2018-11-09,580.453
2018-11-10,580.282
2018-11-11,580.384
2018-11-12,580.417
2018-11-13,580.295
2018-11-14,580.262
2018-11-15,580.456
2018-11-16,580.341
2018-11-17,580.269
2018-11-18,580.325
2018-11-19,580.41
2018-11-20,580.384
2018-11-21,580.249
2018-11-22,580.489
2018-11-23,580.361
2018-11-24,580.413
2018-11-25,580.361
2018-11-26,580.469
2018-11-27,580.174
2018-11-28,580.157
2018-11-29,580.404
2018-11-30,580.427
2018-12-01,580.663
2018-12-02,580.951
2018-12-03,580.741
2018-12-04,580.427
2018-12-05,580.249
2018-12-06,580.243
2018-12-07,580.282
2018-12-08,580.2
2018-12-09,580.079
2018-12-10,580.184
2018-12-11,580.233
2018-12-12,580.459
2018-12-13,580.446
2018-12-14,580.253
2018-12-15,580.328
2018-12-16,580.318
2018-12-17,580.128
2018-12-18,580.164
2018-12-19,580.197
2018-12-20,580.361
2018-12-21,580.427
2018-12-22,580.217
2018-12-23,580.292
2018-12-24,580.266
2018-12-25,580.312
2018-12-26,580.341
2018-12-27,580.528
2018-12-28,580.505
2018-12-29,580.285
2018-12-30,580.089
2018-12-31,580.404
2019-01-01,580.459
2019-01-02,580.289
2019-01-03,580.033
2019-01-04,580.131
2019-01-05,580.285
2019-01-06,580.292
2019-01-07,580.61
2019-01-08,580.374
2019-01-09,580.023
2019-01-10,580.164
2019-01-11,580.364
2019-01-12,580.545
2019-01-13,580.443
2019-01-14,580.171
2019-01-15,580.098
2019-01-16,580.105
2019-01-17,580.276
2019-01-18,580.292
2019-01-19,580.535
2019-01-20,580.44
2019-01-21,580.22
2019-01-22,580.197
2019-01-23,580.322
2019-01-24,580.082
2019-01-25,579.993
2019-01-26,580.161
2019-01-27,580.151
2019-01-28,580.558
2019-01-29,580.184
2019-01-30,579.885
2019-01-31,579.915
2019-02-01,580.102
2019-02-02,580.075
2019-02-03,580.217
2019-02-04,580.279
2019-02-05,580.341
2019-02-06,580.623
2019-02-07,580.387
2019-02-08,580.036
2019-02-09,580.026
2019-02-10,580.348
2019-02-11,580.564
2019-02-12,580.728
2019-02-13,580.443
2019-02-14,580.417
2019-02-15,580.285
2019-02-16,580.338
2019-02-17,580.607
2019-02-18,580.505
2019-02-19,580.348
2019-02-20,580.476
2019-02-21,580.266
2019-02-22,580.302
2019-02-23,580.571
2019-02-24,580.243
2019-02-25,580.023
2019-02-26,580.354
2019-02-27,580.466
2019-02-28,580.374
2019-03-01,580.397
2019-03-02,580.4
2019-03-03,580.312
2019-03-04,580.194
2019-03-05,580.217
2019-03-06,580.194
2019-03-07,580.299
2019-03-08,580.308
2019-03-09,580.551
2019-03-10,580.404
2019-03-11,580.171
2019-03-12,580.249
2019-03-13,580.482
2019-03-14,580.535
2019-03-15,580.354
2019-03-16,580.253
2019-03-17,580.404
2019-03-18,580.433
2019-03-19,580.433
2019-03-20,580.472
2019-03-21,580.505
2019-03-22,580.453
2019-03-23,580.351
2019-03-24,580.551
2019-03-25,580.636
2019-03-26,580.44
2019-03-27,580.413
2019-03-28,580.417
2019-03-29,580.525
2019-03-30,580.623
2019-03-31,580.413
2019-04-01,580.377
2019-04-02,580.502
2019-04-03,580.377
2019-04-04,580.564
2019-04-05,580.686
2019-04-06,580.587
2019-04-07,580.735
2019-04-08,580.673
2019-04-09,580.564
2019-04-10,580.784
2019-04-11,581.247
2019-04-12,580.971
2019-04-13,580.577
2019-04-14,580.86
2019-04-15,580.659
2019-04-16,580.827
2019-04-17,581.004
2019-04-18,580.997
2019-04-19,580.951
2019-04-20,580.945
2019-04-21,580.955
2019-04-22,581.161
2019-04-23,581.07
2019-04-24,580.906
2019-04-25,581.089
2019-04-26,580.974
2019-04-27,580.801
2019-04-28,581.053
2019-04-29,581.319
2019-04-30,581.319
2019-05-01,581.572
2019-05-02,581.381
2019-05-03,581.302
2019-05-04,581.302
2019-05-05,581.289
2019-05-06,581.332
2019-05-07,581.371
2019-05-08,581.512
2019-05-09,581.673
2019-05-10,581.417
2019-05-11,581.404
2019-05-12,581.529
2019-05-13,581.447
2019-05-14,581.375
2019-05-15,581.391
2019-05-16,581.529
2019-05-17,581.496
2019-05-18,581.657
2019-05-19,581.824
2019-05-20,581.562
2019-05-21,581.601
2019-05-22,581.87
2019-05-23,581.686
2019-05-24,581.634
2019-05-25,581.749
2019-05-26,581.621
2019-05-27,581.811
2019-05-28,581.962
2019-05-29,581.808
2019-05-30,581.729
2019-05-31,581.762
2019-06-01,581.834
2019-06-02,581.755
2019-06-03,581.693
2019-06-04,581.798
2019-06-05,581.946
2019-06-06,581.827
2019-06-07,581.854
2019-06-08,581.946
2019-06-09,581.982
2019-06-10,581.854
2019-06-11,581.837
2019-06-12,582.044
2019-06-13,581.988
2019-06-14,581.804
2019-06-15,582.024
2019-06-16,582.149
2019-06-17,582.047
2019-06-18,582.054
2019-06-19,582.08
2019-06-20,582.123
2019-06-21,582.051
2019-06-22,582.133
2019-06-23,582.159
2019-06-24,582.211
2019-06-25,581.982
2019-06-26,581.975
2019-06-27,582.051
2019-06-28,582.136
2019-06-29,582.047
2019-06-30,582.06
2019-07-01,582.096
2019-07-02,582.083
2019-07-03,582.103
2019-07-04,582.165
2019-07-05,582.146
2019-07-06,582.192
2019-07-07,582.283
2019-07-08,582.185
2019-07-09,582.172
2019-07-10,582.182
2019-07-11,582.057
2019-07-12,582.001
2019-07-13,582.021
2019-07-14,582.011
2019-07-15,582.047
2019-07-16,582.001
2019-07-17,582.074
2019-07-18,582.051
2019-07-19,582.07
2019-07-20,582.014
2019-07-21,582.103
2019-07-22,582.067
2019-07-23,582.005
2019-07-24,582.028
2019-07-25,582.021
2019-07-26,582.011
2019-07-27,581.946
2019-07-28,582.005
2019-07-29,581.975
2019-07-30,581.982
2019-07-31,582.001
2019-08-01,582.028
2019-08-02,582.001
2019-08-03,581.995
2019-08-04,582.07
2019-08-05,582.001
2019-08-06,581.972
2019-08-07,581.942
2019-08-08,581.913
2019-08-09,581.86
2019-08-10,581.919
2019-08-11,581.923
2019-08-12,581.949
2019-08-13,582.064
2019-08-14,582.165
2019-08-15,582.093
2019-08-16,581.998
2019-08-17,582.014
2019-08-18,581.919
2019-08-19,581.854
2019-08-20,581.886
2019-08-21,581.867
2019-08-22,581.854
2019-08-23,581.965
2019-08-24,581.955
2019-08-25,581.936
2019-08-26,582.028
2019-08-27,581.857
2019-08-28,581.539
2019-08-29,581.572
2019-08-30,581.575
2019-08-31,581.693
2019-09-01,581.713
2019-09-02,581.66
2019-09-03,581.64
2019-09-04,581.575
2019-09-05,581.673
2019-09-06,581.745
2019-09-07,581.673
2019-09-08,581.732
2019-09-09,581.772
2019-09-10,581.739
2019-09-11,581.782
2019-09-12,582.083
2019-09-13,581.968
2019-09-14,581.578
2019-09-15,581.818
2019-09-16,581.841
2019-09-17,581.795
2019-09-18,581.824
2019-09-19,581.808
2019-09-20,581.824
2019-09-21,581.775
2019-09-22,581.729
2019-09-23,581.67
2019-09-24,581.693
2019-09-25,581.66
2019-09-26,581.545
2019-09-27,581.693
2019-09-28,581.88
2019-09-29,582.008
2019-09-30,581.965
2019-10-01,581.896
2019-10-02,582.192
2019-10-03,582.26
2019-10-04,582.096
2019-10-05,582.024
2019-10-06,581.729
2019-10-07,581.621
2019-10-08,581.821
2019-10-09,581.909
2019-10-10,581.988
2019-10-11,581.946
2019-10-12,581.539
2019-10-13,581.444
2019-10-14,581.48
2019-10-15,581.663
2019-10-16,581.982
2019-10-17,581.667
2019-10-18,581.745
2019-10-19,581.824
2019-10-20,581.759
2019-10-21,581.893
2019-10-22,581.667
2019-10-23,581.44
2019-10-24,581.552
2019-10-25,581.647
2019-10-26,581.765
2019-10-27,581.916
2019-10-28,581.749
2019-10-29,581.801
2019-10-30,581.89
2019-10-31,582.024
2019-11-01,581.617
2019-11-02,581.683
2019-11-03,581.621
2019-11-04,581.729
2019-11-05,581.552
2019-11-06,581.578
2019-11-07,581.66
2019-11-08,581.703
2019-11-09,581.522
2019-11-10,581.729
2019-11-11,581.942
2019-11-12,581.722
2019-11-13,581.535
2019-11-14,581.529
2019-11-15,581.381
2019-11-16,581.719
2019-11-17,581.68
2019-11-18,581.68
2019-11-19,581.673
2019-11-20,581.611
2019-11-21,581.673
2019-11-22,581.473
2019-11-23,581.394
2019-11-24,581.529
2019-11-25,581.598
2019-11-26,581.693
2019-11-27,581.955
2019-11-28,581.916
2019-11-29,581.883
2019-11-30,582.126
2019-12-01,582.523
2019-12-02,582.169
2019-12-03,581.736
2019-12-04,581.598
2019-12-05,581.594
2019-12-06,581.811
2019-12-07,581.532
2019-12-08,581.506
2019-12-09,581.791
2019-12-10,581.601
2019-12-11,581.362
2019-12-12,581.496
2019-12-13,581.804
2019-12-14,581.66
2019-12-15,581.526
2019-12-16,581.644
2019-12-17,581.506
2019-12-18,581.457
2019-12-19,581.614
2019-12-20,581.818
2019-12-21,581.621
2019-12-22,581.411
2019-12-23,581.568
2019-12-24,581.742
2019-12-25,581.768
2019-12-26,581.785
2019-12-27,581.509
2019-12-28,581.601
2019-12-29,582.014
2019-12-30,581.877
2019-12-31,581.644
2020-01-01,581.44
2020-01-02,581.598
2020-01-03,581.624
2020-01-04,581.66
2020-01-05,581.49
2020-01-06,581.335
2020-01-07,581.362
2020-01-08,581.463
2020-01-09,581.686
2020-01-10,581.778
2020-01-11,582.487
2020-01-12,582.044
2020-01-13,581.893
2020-01-14,581.772
2020-01-15,581.768
2020-01-16,581.663
2020-01-17,581.768
2020-01-18,581.919
2020-01-19,581.857
2020-01-20,581.732
2020-01-21,581.424
2020-01-22,581.227
2020-01-23,581.739
2020-01-24,582.06
2020-01-25,581.965
2020-01-26,581.65
2020-01-27,581.732
2020-01-28,581.772
2020-01-29,581.86
2020-01-30,581.85
2020-01-31,581.782
2020-02-01,581.65
2020-02-02,581.696
2020-02-03,581.791
2020-02-04,581.88
2020-02-05,581.699
2020-02-06,581.857
2020-02-07,581.798
2020-02-08,581.824
2020-02-09,581.732
2020-02-10,581.742
2020-02-11,581.522
2020-02-12,581.453
2020-02-13,581.834
2020-02-14,581.555
2020-02-15,581.266
2020-02-16,581.519
2020-02-17,581.775
2020-02-18,581.667
2020-02-19,581.45
2020-02-20,581.496
2020-02-21,581.22
2020-02-22,581.286
2020-02-23,581.447
2020-02-24,581.591
2020-02-25,582.037
2020-02-26,581.873
2020-02-27,581.509
2020-02-28,581.28
2020-02-29,581.424
2020-03-01,581.506
2020-03-02,581.539
2020-03-03,581.503
2020-03-04,581.427
2020-03-05,581.457
2020-03-06,581.883
2020-03-07,581.434
2020-03-08,581.401
2020-03-09,581.503
2020-03-10,581.627
2020-03-11,581.617
2020-03-12,581.631
2020-03-13,581.401
2020-03-14,581.457
2020-03-15,581.768
2020-03-16,581.627
2020-03-17,581.401
2020-03-18,581.614
2020-03-19,581.768
2020-03-20,581.824
2020-03-21,581.722
2020-03-22,581.762
2020-03-23,581.742
2020-03-24,581.673
2020-03-25,581.722
2020-03-26,581.768
2020-03-27,581.726
2020-03-28,582.034
2020-03-29,581.896
2020-03-30,581.795
2020-03-31,581.916
2020-04-01,581.877
2020-04-02,581.778
2020-04-03,581.877
2020-04-04,581.926
2020-04-05,581.791
2020-04-06,581.913
2020-04-07,582.001
2020-04-08,581.854
2020-04-09,581.686
2020-04-10,581.604
2020-04-11,581.837
2020-04-12,582.064
2020-04-13,581.854
2020-04-14,581.621
2020-04-15,581.827
2020-04-16,581.732
2020-04-17,581.804
2020-04-18,581.713
2020-04-19,581.798
2020-04-20,581.811
2020-04-21,581.657
2020-04-22,581.831
2020-04-23,582.129
2020-04-24,582.034
2020-04-25,581.962
2020-04-26,581.952
2020-04-27,581.959
2020-04-28,582.103
2020-04-29,582.625
2020-04-30,582.421
2020-05-01,582.06
2020-05-02,582.116
2020-05-03,582.074
2020-05-04,582.165
2020-05-05,582.228
2020-05-06,582.054
2020-05-07,582.028
2020-05-08,582.08
2020-05-09,581.873
2020-05-10,582.169
2020-05-11,582.014
2020-05-12,581.923
2020-05-13,582.09
2020-05-14,582.208
2020-05-15,582.06
2020-05-16,582.129
2020-05-17,582.546
2020-05-18,582.638
2020-05-19,582.575
2020-05-20,582.425
2020-05-21,582.359
2020-05-22,582.31
2020-05-23,582.323
2020-05-24,582.382
2020-05-25,582.32
2020-05-26,582.352
2020-05-27,582.336
2020-05-28,582.313
2020-05-29,582.26
2020-05-30,582.251
2020-05-31,582.201
2020-06-01,582.231
2020-06-02,582.329
2020-06-03,582.211
2020-06-04,582.336
2020-06-05,582.339
2020-06-06,582.297
2020-06-07,582.418
2020-06-08,582.421
2020-06-09,582.451
2020-06-10,582.359
2020-06-11,582.27
2020-06-12,582.333
2020-06-13,582.52
2020-06-14,582.474
2020-06-15,582.487
2020-06-16,582.457
2020-06-17,582.434
2020-06-18,582.434
2020-06-19,582.388
2020-06-20,582.405
2020-06-21,582.369
2020-06-22,582.375
2020-06-23,582.418
2020-06-24,582.218
2020-06-25,582.323
2020-06-26,582.333
2020-06-27,582.362
2020-06-28,582.388
2020-06-29,582.441
2020-06-30,582.451
2020-07-01,582.441
2020-07-02,582.349
2020-07-03,582.339
2020-07-04,582.402
2020-07-05,582.372
2020-07-06,582.343
2020-07-07,582.333
2020-07-08,582.343
2020-07-09,582.336
2020-07-10,582.402
2020-07-11,582.316
2020-07-12,582.405
2020-07-13,582.372
2020-07-14,582.369
2020-07-15,582.454
2020-07-16,582.438
2020-07-17,582.303
2020-07-18,582.297
2020-07-19,582.257
2020-07-20,582.244
2020-07-21,582.398
2020-07-22,582.484
2020-07-23,582.454
2020-07-24,582.434
2020-07-25,582.339
2020-07-26,582.251
2020-07-27,582.28
2020-07-28,582.231
2020-07-29,582.3
2020-07-30,582.346
2020-07-31,582.395
2020-08-01,582.398
2020-08-02,582.454
2020-08-03,582.657
2020-08-04,582.575
2020-08-05,582.395
2020-08-06,582.385
2020-08-07,582.375
2020-08-08,582.221
2020-08-09,582.188
2020-08-10,582.257
2020-08-11,582.218
2020-08-12,582.185
2020-08-13,582.306
2020-08-14,582.326
2020-08-15,582.31
2020-08-16,582.251
2020-08-17,582.231
2020-08-18,582.241
2020-08-19,582.172
2020-08-20,582.014
2020-08-21,582.083
2020-08-22,582.1
2020-08-23,582.106
2020-08-24,582.074
2020-08-25,582.011
2020-08-26,582.152
2020-08-27,582.119
2020-08-28,582.165
2020-08-29,582.287
2020-08-30,582.096
2020-08-31,582.205
2020-09-01,582.11
2020-09-02,582.051
2020-09-03,581.975
2020-09-04,581.788
2020-09-05,581.982
2020-09-06,581.995
2020-09-07,581.952
2020-09-08,582.27
2020-09-09,582.32
2020-09-10,582.283
2020-09-11,582.234
2020-09-12,582.201
2020-09-13,581.952
2020-09-14,582.031
2020-09-15,581.834
2020-09-16,581.811
2020-09-17,582.034
2020-09-18,582.005
2020-09-19,581.946
2020-09-20,581.959
2020-09-21,581.844
2020-09-22,581.782
2020-09-23,581.765
2020-09-24,581.85
2020-09-25,581.847
2020-09-26,581.742
2020-09-27,581.66
2020-09-28,581.667
2020-09-29,581.617
2020-09-30,581.611
2020-10-01,581.706
2020-10-02,581.788
2020-10-03,581.804
2020-10-04,581.909
2020-10-05,581.575
2020-10-06,581.467
2020-10-07,581.49
2020-10-08,581.578
2020-10-09,581.585
2020-10-10,581.572
2020-10-11,581.827
2020-10-12,581.814
2020-10-13,581.493
2020-10-14,581.503
2020-10-15,581.47
2020-10-16,581.371
2020-10-17,581.506
2020-10-18,581.476
2020-10-19,581.519
2020-10-20,581.634
2020-10-21,581.601
2020-10-22,581.782
2020-10-23,581.962
2020-10-24,581.677
2020-10-25,581.768
2020-10-26,581.732
2020-10-27,581.644
2020-10-28,581.329
2020-10-29,581.811
2020-10-30,581.677
2020-10-31,581.43
2020-11-01,581.306
2020-11-02,581.086
2020-11-03,581.273
2020-11-04,581.46
2020-11-05,581.43
2020-11-06,581.444
2020-11-07,581.365
2020-11-08,581.509
2020-11-09,581.526
2020-11-10,581.509
2020-11-11,581.299
2020-11-12,581.352
2020-11-13,581.444
2020-11-14,581.378
2020-11-15,581.414
2020-11-16,581.161
2020-11-17,581.234
2020-11-18,581.355
2020-11-19,581.355
2020-11-20,581.388
2020-11-21,581.335
2020-11-22,581.549
2020-11-23,581.398
2020-11-24,581.499
2020-11-25,581.654
2020-11-26,581.47
2020-11-27,581.391
2020-11-28,581.204
2020-11-29,581.365
2020-11-30,581.591
2020-12-01,581.44
2020-12-02,581.155
2020-12-03,581.155
2020-12-04,581.348
2020-12-05,581.496
2020-12-06,581.444
2020-12-07,581.424
2020-12-08,581.207
2020-12-09,581.129
2020-12-10,581.352
2020-12-11,581.657
2020-12-12,582.024
2020-12-13,581.457
2020-12-14,581.188
2020-12-15,581.273
2020-12-16,581.591
2020-12-17,581.493
2020-12-18,581.266
2020-12-19,581.312
2020-12-20,581.201
2020-12-21,581.181
2020-12-22,581.204
2020-12-23,581.152
2020-12-24,581.089
2020-12-25,581.07
2020-12-26,581.001
2020-12-27,581.286
2020-12-28,581.194
2020-12-29,581.033
2020-12-30,581.129
2020-12-31,580.988
2021-01-01,581.316
2021-01-02,581.263
2021-01-03,581.148
2021-01-04,581.096
2021-01-05,581.201
2021-01-06,581.194
2021-01-07,581.293
2021-01-08,581.352
2021-01-09,581.217
2021-01-10,581.099
2021-01-11,580.928
2021-01-12,581.024
2021-01-13,581.05
2021-01-14,581.207
2021-01-15,581.46
2021-01-16,581.309
2021-01-17,581.109
2021-01-18,581.142
2021-01-19,580.988
2021-01-20,580.781
2021-01-21,580.64
2021-01-22,580.814
2021-01-23,580.938
2021-01-24,581.01
2021-01-25,581.152
2021-01-26,581.407
2021-01-27,581.073
2021-01-28,580.919
2021-01-29,580.919
2021-01-30,581.171
2021-01-31,581.404
2021-02-01,581.106
2021-02-02,580.965
2021-02-03,580.886
2021-02-04,580.883
2021-02-05,580.751
2021-02-06,580.39
2021-02-07,580.505
2021-02-08,580.696
2021-02-09,580.781
2021-02-10,580.755
2021-02-11,580.873
2021-02-12,581.01
2021-02-13,581.043
2021-02-14,580.935
2021-02-15,580.978
2021-02-16,581.093
2021-02-17,580.869
2021-02-18,580.945
2021-02-19,580.837
2021-02-20,580.774
2021-02-21,580.837
2021-02-22,580.755
2021-02-23,580.676
2021-02-24,580.853
2021-02-25,580.692
2021-02-26,580.745
2021-02-27,580.787
2021-02-28,580.82
2021-03-01,580.646
2021-03-02,580.407
2021-03-03,580.646
2021-03-04,580.804
2021-03-05,580.633
2021-03-06,580.633
2021-03-07,580.738
2021-03-08,580.732
2021-03-09,580.732
2021-03-10,580.794
2021-03-11,580.449
2021-03-12,580.479
2021-03-13,580.515
2021-03-14,580.807
2021-03-15,581.004
2021-03-16,580.922
2021-03-17,580.764
2021-03-18,581.135
2021-03-19,580.827
2021-03-20,580.63
2021-03-21,580.712
2021-03-22,580.702
2021-03-23,580.804
2021-03-24,580.778
2021-03-25,580.728
2021-03-26,580.781
2021-03-27,580.761
2021-03-28,580.781
2021-03-29,580.587
2021-03-30,580.623
2021-03-31,580.617
2021-04-01,580.696
2021-04-02,580.627
2021-04-03,580.686
2021-04-04,580.738
2021-04-05,580.886
2021-04-06,580.863
2021-04-07,580.863
2021-04-08,580.948
2021-04-09,580.892
2021-04-10,580.896
2021-04-11,580.928
2021-04-12,580.791
2021-04-13,580.758
2021-04-14,580.722
2021-04-15,580.735
2021-04-16,580.699
2021-04-17,580.761
2021-04-18,580.741
2021-04-19,580.732
2021-04-20,580.551
2021-04-21,580.692
2021-04-22,580.577
2021-04-23,580.604
2021-04-24,580.738
2021-04-25,580.663
2021-04-26,580.899
2021-04-27,581.122
2021-04-28,580.86
2021-04-29,580.774
2021-04-30,580.551
2021-05-01,580.597
2021-05-02,580.843
2021-05-03,581.007
2021-05-04,580.85
2021-05-05,580.682
2021-05-06,580.778
2021-05-07,580.83
2021-05-08,580.722
2021-05-09,580.833
2021-05-10,580.728
2021-05-11,580.659
2021-05-12,580.696
2021-05-13,580.712
2021-05-14,580.738
2021-05-15,580.751
2021-05-16,580.778
2021-05-17,580.768
2021-05-18,580.794
2021-05-19,580.846
2021-05-20,580.787
2021-05-21,580.761
2021-05-22,580.643
2021-05-23,580.761
2021-05-24,580.837
2021-05-25,580.669
2021-05-26,580.646
2021-05-27,580.925
2021-05-28,581.138
2021-05-29,580.817
2021-05-30,580.741
2021-05-31,580.738
2021-06-01,580.748
2021-06-02,580.745
2021-06-03,580.679
2021-06-04,580.597
2021-06-05,580.571
2021-06-06,580.607
2021-06-07,580.633
2021-06-08,580.659
2021-06-09,580.718
2021-06-10,580.761
2021-06-11,580.81
2021-06-12,580.728
2021-06-13,580.659
2021-06-14,580.617
2021-06-15,580.659
2021-06-16,580.696
2021-06-17,580.581
2021-06-18,580.538
2021-06-19,580.584
2021-06-20,580.666
2021-06-21,580.64
2021-06-22,580.538
2021-06-23,580.614
2021-06-24,580.512
2021-06-25,580.659
2021-06-26,580.718
2021-06-27,580.768
2021-06-28,580.705
2021-06-29,580.784
2021-06-30,580.771
2021-07-01,580.833
2021-07-02,580.778
2021-07-03,580.676
2021-07-04,580.755
2021-07-05,580.699
2021-07-06,580.801
2021-07-07,581.04
2021-07-08,581.132
2021-07-09,580.961
2021-07-10,581.053
2021-07-11,581.063
2021-07-12,581.014
2021-07-13,580.994
2021-07-14,580.906
2021-07-15,581.007
2021-07-16,580.991
2021-07-17,581.047
2021-07-18,580.965
2021-07-19,580.928
2021-07-20,580.942
2021-07-21,581.053
2021-07-22,580.991
2021-07-23,581.056
2021-07-24,581.001
2021-07-25,580.906
2021-07-26,580.919
2021-07-27,581.01
2021-07-28,581.014
2021-07-29,581.066
2021-07-30,581.043
2021-07-31,580.971
2021-08-01,581.099
2021-08-02,581.007
2021-08-03,580.899
2021-08-04,580.945
2021-08-05,580.906
2021-08-06,580.866
2021-08-07,580.915
2021-08-08,580.988
2021-08-09,580.981
2021-08-10,580.935
2021-08-11,580.843
2021-08-12,580.912
2021-08-13,580.879
2021-08-14,580.84
2021-08-15,580.853
2021-08-16,580.863
2021-08-17,580.886
2021-08-18,580.879
2021-08-19,580.876
2021-08-20,580.876
2021-08-21,580.879
2021-08-22,580.912
2021-08-23,580.84
2021-08-24,580.899
2021-08-25,580.935
2021-08-26,580.922
2021-08-27,581.138
2021-08-28,581.155
2021-08-29,580.899
2021-08-30,580.84
2021-08-31,580.945
2021-09-01,581.063
2021-09-02,580.942
2021-09-03,580.942
2021-09-04,580.787
2021-09-05,580.65
2021-09-06,580.607
2021-09-07,580.741
2021-09-08,580.525
2021-09-09,580.584
2021-09-10,580.633
2021-09-11,580.525
2021-09-12,580.607
2021-09-13,580.771
2021-09-14,580.659
2021-09-15,580.528
2021-09-16,580.571
2021-09-17,580.538
2021-09-18,580.535
2021-09-19,580.594
2021-09-20,580.584
2021-09-21,580.509
2021-09-22,580.741
2021-09-23,580.915
2021-09-24,580.614
2021-09-25,580.499
2021-09-26,580.482
2021-09-27,580.666
2021-09-28,580.636
2021-09-29,580.604
2021-09-30,580.659
2021-10-01,580.63
2021-10-02,580.538
2021-10-03,580.62
2021-10-04,580.768
2021-10-05,580.718
2021-10-06,580.751
2021-10-07,580.781
2021-10-08,580.745
2021-10-09,580.696
2021-10-10,580.682
2021-10-11,580.692
2021-10-12,580.65
2021-10-13,580.561
2021-10-14,580.489
2021-10-15,580.427
2021-10-16,580.374
2021-10-17,580.24
2021-10-18,580.377
2021-10-19,580.381
2021-10-20,580.413
2021-10-21,580.63
2021-10-22,580.502
2021-10-23,580.528
2021-10-24,580.712
2021-10-25,581.066
2021-10-26,580.702
2021-10-27,580.607
2021-10-28,580.787
2021-10-29,581.017
2021-10-30,580.715
2021-10-31,580.371
2021-11-01,580.075
2021-11-02,580.249
2021-11-03,580.331
2021-11-04,580.305
2021-11-05,580.075
2021-11-06,579.928
2021-11-07,580.131
2021-11-08,580.197
2021-11-09,580.167
2021-11-10,580.22
2021-11-11,580.427
2021-11-12,580.19
2021-11-13,579.993
2021-11-14,580.144
2021-11-15,580.102
2021-11-16,580.118
2021-11-17,580.194
2021-11-18,579.77
2021-11-19,579.744
2021-11-20,579.928
2021-11-21,579.921
2021-11-22,579.59
2021-11-23,579.718
2021-11-24,579.813
2021-11-25,579.987
2021-11-26,579.836
2021-11-27,579.98
2021-11-28,579.99
2021-11-29,579.888
2021-11-30,579.888
2021-12-01,579.724
2021-12-02,579.728
2021-12-03,579.8
2021-12-04,579.619
2021-12-05,579.774
2021-12-06,579.708
2021-12-07,579.587
2021-12-08,579.875
2021-12-09,579.856
2021-12-10,579.977
2021-12-11,579.98
2021-12-12,579.511
2021-12-13,579.577
2021-12-14,580.013
2021-12-15,580.098
2021-12-16,579.337
2021-12-17,579.465
2021-12-18,579.911
2021-12-19,579.751
2021-12-20,579.564
2021-12-21,579.633
2021-12-22,579.541
2021-12-23,579.787
2021-12-24,579.964
2021-12-25,579.898
2021-12-26,579.816
2021-12-27,580.089
2021-12-28,579.859
2021-12-29,579.833
2021-12-30,579.744
2021-12-31,579.879
2022-01-01,580.052
2022-01-02,579.879
2022-01-03,579.59
2022-01-04,579.58
2022-01-05,579.678
2022-01-06,579.76
2022-01-07,579.698
2022-01-08,579.413
2022-01-09,579.252
2022-01-10,579.042
2022-01-11,579.255
2022-01-12,579.396
2022-01-13,579.678
2022-01-14,579.934
2022-01-15,579.856
2022-01-16,579.567
2022-01-17,579.511
2022-01-18,579.439
2022-01-19,579.39
2022-01-20,579.409
2022-01-21,579.393
2022-01-22,579.206
2022-01-23,579.331
2022-01-24,579.426
2022-01-25,579.364
2022-01-26,579.255
2022-01-27,579.226
2022-01-28,579.409
2022-01-29,579.413
2022-01-30,579.488
2022-01-31,579.403
2022-02-01,579.347
2022-02-02,579.409
2022-02-03,579.541
2022-02-04,579.511
2022-02-05,579.311
2022-02-06,579.373
2022-02-07,579.393
2022-02-08,579.245
2022-02-09,579.327
2022-02-10,579.18
2022-02-11,579.321
2022-02-12,579.344
2022-02-13,579.426
2022-02-14,579.409
2022-02-15,579.39
2022-02-16,579.439
2022-02-17,579.478
2022-02-18,579.14
2022-02-19,579.032
2022-02-20,579.081
2022-02-21,579.616
2022-02-22,579.81
2022-02-23,579.495
2022-02-24,579.603
2022-02-25,579.541
2022-02-26,579.094
2022-02-27,579.131
2022-02-28,579.324
2022-03-01,579.416
2022-03-02,579.327
2022-03-03,579.314
2022-03-04,579.337
2022-03-05,579.498
2022-03-06,579.35
2022-03-07,579.324
2022-03-08,579.134
2022-03-09,579.239
2022-03-10,579.272
2022-03-11,579.157
2022-03-12,579.045
2022-03-13,579.104
2022-03-14,579.406
2022-03-15,579.39
2022-03-16,579.341
2022-03-17,579.36
2022-03-18,579.508
2022-03-19,579.547
2022-03-20,579.314
2022-03-21,579.478
2022-03-22,579.724
2022-03-23,579.987
2022-03-24,579.816
2022-03-25,579.406
2022-03-26,579.393
2022-03-27,579.318
2022-03-28,579.373
2022-03-29,579.521
2022-03-30,579.856
2022-03-31,579.787
2022-04-01,579.508
2022-04-02,579.57
2022-04-03,579.665
2022-04-04,579.741
2022-04-05,579.81
2022-04-06,579.839
2022-04-07,579.76
2022-04-08,579.764
2022-04-09,579.639
2022-04-10,579.744
2022-04-11,579.865
2022-04-12,579.833
2022-04-13,579.974
2022-04-14,579.583
2022-04-15,579.468
2022-04-16,579.672
2022-04-17,579.826
2022-04-18,579.925
2022-04-19,579.724
2022-04-20,579.829
2022-04-21,579.934
2022-04-22,579.934
2022-04-23,580.272
2022-04-24,580.23
2022-04-25,579.908
2022-04-26,579.902
2022-04-27,579.993
2022-04-28,580.112
2022-04-29,580.197
2022-04-30,580.315
2022-05-01,580.256
2022-05-02,580.023
2022-05-03,580.2
2022-05-04,580.135
2022-05-05,580.148
2022-05-06,580.279
2022-05-07,580.184
2022-05-08,580.24
2022-05-09,580.322
2022-05-10,580.292
2022-05-11,580.249
2022-05-12,580.246
2022-05-13,580.18
2022-05-14,580.171
2022-05-15,580.066
2022-05-16,580.085
2022-05-17,580.016
2022-05-18,580.121
2022-05-19,580.131
2022-05-20,580.161
2022-05-21,580.112
2022-05-22,580.131
2022-05-23,580.131
2022-05-24,580.249
2022-05-25,580.413
2022-05-26,580.413
2022-05-27,580.203
2022-05-28,580.194
2022-05-29,580.354
2022-05-30,580.282
2022-05-31,580.167
2022-06-01,580.171
2022-06-02,580.174
2022-06-03,580.164
2022-06-04,580.115
2022-06-05,580.223
2022-06-06,580.404
2022-06-07,580.23
2022-06-08,580.243
2022-06-09,580.213
2022-06-10,580.203
2022-06-11,580.269
2022-06-12,580.266
2022-06-13,580.358
2022-06-14,580.482
2022-06-15,580.417
2022-06-16,580.19
2022-06-17,580.141
2022-06-18,580.256
2022-06-19,580.322
2022-06-20,580.348
2022-06-21,580.256
2022-06-22,580.2
2022-06-23,580.213
2022-06-24,580.23
2022-06-25,580.282
2022-06-26,580.157
2022-06-27,580.072
2022-06-28,580.131
2022-06-29,580.256
2022-06-30,580.217
2022-07-01,580.154
2022-07-02,580.154
2022-07-03,580.233
2022-07-04,580.302
2022-07-05,580.364
2022-07-06,580.39
2022-07-07,580.361
2022-07-08,580.459
2022-07-09,580.42
2022-07-10,580.276
2022-07-11,580.131
2022-07-12,580.19
2022-07-13,580.289
2022-07-14,580.318
2022-07-15,580.322
2022-07-16,580.364
2022-07-17,580.371
2022-07-18,580.266
2022-07-19,580.164
2022-07-20,580.115
2022-07-21,580.03
2022-07-22,580.062
2022-07-23,580.138
2022-07-24,580.174
2022-07-25,580.039
2022-07-26,580.135
2022-07-27,580.135
2022-07-28,580.075
2022-07-29,580.039
2022-07-30,580.082
2022-07-31,580.102
2022-08-01,580.095
2022-08-02,580.066
2022-08-03,580.115
2022-08-04,580.148
2022-08-05,580.217
2022-08-06,580.177
2022-08-07,580.21
2022-08-08,580.325
2022-08-09,580.21
2022-08-10,580.167
2022-08-11,580.243
2022-08-12,580.24
2022-08-13,580.279
2022-08-14,580.302
2022-08-15,580.259
2022-08-16,580.259
2022-08-17,580.249
2022-08-18,580.184
2022-08-19,580.19
2022-08-20,580.203
2022-08-21,580.197
2022-08-22,580.112
2022-08-23,580.069
2022-08-24,580.135
2022-08-25,580.24
2022-08-26,580.2
2022-08-27,580.138
2022-08-28,580.197
2022-08-29,580.023
2022-08-30,579.911
2022-08-31,579.803
2022-09-01,579.931
2022-09-02,579.905
2022-09-03,580.043
2022-09-04,580.315
2022-09-05,580.174
2022-09-06,580.138
2022-09-07,580.059
2022-09-08,579.984
2022-09-09,579.934
2022-09-10,579.98
2022-09-11,580.315
2022-09-12,580.427
2022-09-13,580.259
2022-09-14,580.197
2022-09-15,580.236
2022-09-16,580.115
2022-09-17,580.095
2022-09-18,579.905
2022-09-19,579.849
2022-09-20,579.846
2022-09-21,579.898
2022-09-22,579.767
2022-09-23,579.81
2022-09-24,579.856
2022-09-25,579.76
2022-09-26,579.678
2022-09-27,579.816
2022-09-28,579.987
2022-09-29,579.908
2022-09-30,579.879
2022-10-01,579.905
2022-10-02,579.997
2022-10-03,579.8
2022-10-04,579.721
2022-10-05,579.685
2022-10-06,579.744
2022-10-07,579.836
2022-10-08,579.403
2022-10-09,579.554
2022-10-10,579.701
2022-10-11,579.551
2022-10-12,579.455
2022-10-13,579.383
2022-10-14,579.449
2022-10-15,579.357
2022-10-16,579.334
2022-10-17,579.633
2022-10-18,579.619
2022-10-19,579.472
2022-10-20,579.429
2022-10-21,579.505
2022-10-22,579.564
2022-10-23,579.616
2022-10-24,579.583
2022-10-25,579.583
2022-10-26,579.551
2022-10-27,579.455
2022-10-28,579.583
2022-10-29,579.521
2022-10-30,579.57
2022-10-31,579.547
2022-11-01,579.468
2022-11-02,579.531
2022-11-03,579.485
2022-11-04,579.432
2022-11-05,579.491
2022-11-06,579.239
2022-11-07,579.124
2022-11-08,579.482
2022-11-09,579.537
2022-11-10,579.37
2022-11-11,579.364
2022-11-12,579.39
2022-11-13,579.449
2022-11-14,579.478
2022-11-15,579.731
2022-11-16,579.662
2022-11-17,579.321
2022-11-18,579.304
2022-11-19,579.009
2022-11-20,578.839
2022-11-21,578.996
2022-11-22,579.19
2022-11-23,579.311
2022-11-24,579.285
2022-11-25,579.062
2022-11-26,578.95
2022-11-27,579.259
2022-11-28,579.321
2022-11-29,579.347
2022-11-30,579.039
2022-12-01,578.701
2022-12-02,579.078
2022-12-03,578.914
2022-12-04,578.734
2022-12-05,578.812
2022-12-06,579.219
2022-12-07,579.229
2022-12-08,579.229
2022-12-09,579.419
2022-12-10,579.406
2022-12-11,579.249
2022-12-12,579.229
2022-12-13,579.364
2022-12-14,579.669
2022-12-15,579.813
2022-12-16,579.298
2022-12-17,579.049
2022-12-18,578.888
2022-12-19,578.848
2022-12-20,578.953
2022-12-21,578.888
2022-12-22,579.124
2022-12-23,578.576
2022-12-24,578.173
2022-12-25,578.287
2022-12-26,578.727
2022-12-27,578.76
2022-12-28,578.839
2022-12-29,578.999
2022-12-30,578.953
2022-12-31,578.993
2023-01-01,578.999
2023-01-02,578.999
2023-01-03,579.278
2023-01-04,579.377
2023-01-05,579.232
2023-01-06,579.094
2023-01-07,579.078
2023-01-08,579.006
2023-01-09,578.875
2023-01-10,579.196
2023-01-11,579.344
2023-01-12,579.196
2023-01-13,579.219
2023-01-14,579.055
2023-01-15,579.019
2023-01-16,579.259
2023-01-17,579.131
2023-01-18,579.068
2023-01-19,579.416
2023-01-20,579.239
2023-01-21,578.993
2023-01-22,579.068
2023-01-23,578.911
2023-01-24,578.819
2023-01-25,579.18
2023-01-26,579.091
2023-01-27,578.76
2023-01-28,578.783
2023-01-29,579.127
2023-01-30,578.868
2023-01-31,578.737
2023-02-01,578.72
2023-02-02,578.74
2023-02-03,578.76
2023-02-04,578.753
2023-02-05,578.885
2023-02-06,578.917
2023-02-07,578.907
2023-02-08,578.819
2023-02-09,579.121
2023-02-10,578.848
2023-02-11,578.645
2023-02-12,578.839
2023-02-13,578.901
2023-02-14,578.898
2023-02-15,578.934
2023-02-16,579.199
2023-02-17,579.022
2023-02-18,578.74
2023-02-19,578.885
2023-02-20,578.885
2023-02-21,578.871
2023-02-22,579.364
2023-02-23,579.429
2023-02-24,579.157
2023-02-25,578.944
2023-02-26,578.789
2023-02-27,579.314
2023-02-28,579.147
2023-03-01,579.078
2023-03-02,579.144
2023-03-03,579.137
2023-03-04,579.049
2023-03-05,578.996
2023-03-06,579.275
2023-03-07,579.239
2023-03-08,579.078
2023-03-09,579.226
2023-03-10,579.37
2023-03-11,579.18
2023-03-12,579.209
2023-03-13,579.239
2023-03-14,579.039
2023-03-15,578.868
2023-03-16,579.009
2023-03-17,578.871
2023-03-18,578.675
2023-03-19,578.602
2023-03-20,578.734
2023-03-21,579.15
2023-03-22,579.144
2023-03-23,578.957
2023-03-24,579.104
2023-03-25,579.327
2023-03-26,579.058
2023-03-27,579.144
2023-03-28,579.055
2023-03-29,578.894
2023-03-30,578.97
2023-03-31,579.334
2023-04-01,579.505
2023-04-02,579.18
2023-04-03,579.117
2023-04-04,579.58
2023-04-05,579.754
2023-04-06,579.245
2023-04-07,579.222
2023-04-08,579.498
2023-04-09,579.468
2023-04-10,579.304
2023-04-11,579.232
2023-04-12,579.265
2023-04-13,579.334
2023-04-14,579.485
2023-04-15,579.531
2023-04-16,579.501
2023-04-17,579.419
2023-04-18,579.321
2023-04-19,579.6
2023-04-20,579.934
2023-04-21,579.81
2023-04-22,579.587
2023-04-23,579.498
2023-04-24,579.551
2023-04-25,579.619
2023-04-26,579.606
2023-04-27,579.662
2023-04-28,579.797
2023-04-29,579.705
2023-04-30,579.718
2023-05-01,579.639
2023-05-02,579.646
2023-05-03,579.751
2023-05-04,579.823
2023-05-05,579.984
2023-05-06,580.052
2023-05-07,580.059
2023-05-08,579.931
2023-05-09,579.905
2023-05-10,579.911
2023-05-11,579.941
2023-05-12,579.98
2023-05-13,580.079
2023-05-14,580.082
2023-05-15,579.888
2023-05-16,579.862
2023-05-17,580.062
2023-05-18,579.99
2023-05-19,579.977
2023-05-20,579.839
2023-05-21,579.875
2023-05-22,580.046
2023-05-23,580.0
2023-05-24,580.135
2023-05-25,580.072
2023-05-26,579.97
2023-05-27,579.99
2023-05-28,580.0
2023-05-29,579.984
2023-05-30,580.0
2023-05-31,580.013
2023-06-01,579.997
2023-06-02,579.97
2023-06-03,579.98
2023-06-04,580.007
2023-06-05,579.934
2023-06-06,580.003
2023-06-07,580.016
2023-06-08,579.951
2023-06-09,579.885
2023-06-10,579.895
2023-06-11,580.128
2023-06-12,579.911
2023-06-13,579.843
2023-06-14,579.977
2023-06-15,579.97
2023-06-16,579.948
2023-06-17,579.836
2023-06-18,579.961
2023-06-19,580.016
2023-06-20,579.997
2023-06-21,580.007
2023-06-22,579.993
2023-06-23,579.951
2023-06-24,579.898
2023-06-25,580.0
2023-06-26,580.043
2023-06-27,579.911
2023-06-28,579.967
2023-06-29,580.089
2023-06-30,580.003
2023-07-01,579.944
2023-07-02,580.026
2023-07-03,579.97
2023-07-04,579.957
2023-07-05,579.967
2023-07-06,579.98
2023-07-07,579.911
2023-07-08,579.987
2023-07-09,579.957
2023-07-10,579.774
2023-07-11,579.882
2023-07-12,579.964
2023-07-13,579.934
2023-07-14,579.892
2023-07-15,579.954
2023-07-16,579.885
2023-07-17,579.843
2023-07-18,579.882
2023-07-19,579.928
2023-07-20,579.908
2023-07-21,579.849
2023-07-22,579.872
2023-07-23,579.925
2023-07-24,579.875
2023-07-25,579.895
2023-07-26,579.931
2023-07-27,579.902
2023-07-28,579.915
2023-07-29,580.026
2023-07-30,579.898
2023-07-31,579.902
2023-08-01,579.964
2023-08-02,579.898
2023-08-03,579.82
2023-08-04,579.869
2023-08-05,580.049
2023-08-06,580.066
2023-08-07,579.984
2023-08-08,579.888
2023-08-09,579.911
2023-08-10,579.921
2023-08-11,579.902
2023-08-12,579.879
2023-08-13,579.875
2023-08-14,580.177
2023-08-15,580.138
2023-08-16,579.843
2023-08-17,579.78
2023-08-18,579.734
2023-08-19,579.777
2023-08-20,579.859
2023-08-21,579.915
2023-08-22,579.934
2023-08-23,580.03
2023-08-24,580.108
2023-08-25,579.915
2023-08-26,580.092
2023-08-27,580.115
2023-08-28,579.928
2023-08-29,579.944
2023-08-30,580.013
2023-08-31,579.961
2023-09-01,579.895
2023-09-02,579.678
2023-09-03,579.692
2023-09-04,579.728
2023-09-05,579.754
2023-09-06,579.82
2023-09-07,579.872
2023-09-08,579.892
2023-09-09,579.865
2023-09-10,579.908
2023-09-11,579.961
2023-09-12,579.974
2023-09-13,579.888
2023-09-14,579.892
2023-09-15,579.787
2023-09-16,579.764
2023-09-17,579.82
2023-09-18,579.77
2023-09-19,579.777
2023-09-20,579.81
2023-09-21,579.79
2023-09-22,579.787
2023-09-23,579.859
2023-09-24,579.803
2023-09-25,579.764
2023-09-26,579.902
2023-09-27,579.967
2023-09-28,579.836
2023-09-29,579.764
2023-09-30,579.711
2023-10-01,579.708
2023-10-02,579.629
2023-10-03,579.596
2023-10-04,579.564
2023-10-05,579.501
2023-10-06,579.311
2023-10-07,579.38
2023-10-08,579.357
2023-10-09,579.177
2023-10-10,579.344
2023-10-11,579.462
2023-10-12,579.675
2023-10-13,579.908
2023-10-14,580.01
2023-10-15,579.678
2023-10-16,579.659
2023-10-17,579.544
2023-10-18,579.521
2023-10-19,579.508
2023-10-20,579.482
2023-10-21,579.449
2023-10-22,579.485
2023-10-23,579.413
2023-10-24,579.505
2023-10-25,579.423
2023-10-26,579.531
2023-10-27,579.439
2023-10-28,579.377
2023-10-29,579.567
2023-10-30,579.37
2023-10-31,579.485
2023-11-01,579.354
2023-11-02,579.222
2023-11-03,579.268
2023-11-04,579.393
2023-11-05,579.337
2023-11-06,579.265
2023-11-07,579.327
2023-11-08,579.57
2023-11-09,579.334
2023-11-10,579.147
2023-11-11,579.36
2023-11-12,579.203
2023-11-13,579.111
2023-11-14,579.127
2023-11-15,579.173
2023-11-16,579.127
2023-11-17,579.154
2023-11-18,579.029
2023-11-19,579.226
2023-11-20,579.488
2023-11-21,579.606
2023-11-22,579.216
2023-11-23,579.137
2023-11-24,579.078
2023-11-25,578.99
2023-11-26,579.072
2023-11-27,578.839
2023-11-28,578.727
2023-11-29,578.757
2023-11-30,578.94
2023-12-01,579.295
2023-12-02,579.311
2023-12-03,579.324
2023-12-04,579.154
2023-12-05,579.154
2023-12-06,579.042
2023-12-07,579.042
2023-12-08,579.193
2023-12-09,579.032
2023-12-10,578.894
2023-12-11,578.848
2023-12-12,578.632
2023-12-13,578.619
2023-12-14,578.75
2023-12-15,578.766
2023-12-16,579.098
2023-12-17,579.062
2023-12-18,578.901
2023-12-19,578.757
2023-12-20,578.944
2023-12-21,579.259
2023-12-22,579.18
2023-12-23,579.088
2023-12-24,579.085
2023-12-25,579.242
2023-12-26,579.222
2023-12-27,579.085
2023-12-28,579.249
2023-12-29,579.163
2023-12-30,579.032
2023-12-31,579.301
2024-01-01,579.055
2024-01-02,578.668
2024-01-03,578.839
2024-01-04,578.937
2024-01-05,578.848
2024-01-06,579.078
2024-01-07,579.026
2024-01-08,578.963
2024-01-09,579.547
2024-01-10,579.193
2024-01-11,579.098
2024-01-12,579.606
2024-01-13,579.462
2024-01-14,578.799
2024-01-15,578.599
2024-01-16,578.573
2024-01-17,578.553
2024-01-18,578.799
2024-01-19,579.075
2024-01-20,578.957
2024-01-21,578.609
2024-01-22,578.609
2024-01-23,578.996
2024-01-24,579.078
2024-01-25,578.993
2024-01-26,579.062
2024-01-27,579.003
2024-01-28,579.029
2024-01-29,578.858
2024-01-30,579.078
2024-01-31,578.875
2024-02-01,578.93
2024-02-02,579.101
2024-02-03,579.035
2024-02-04,579.003
2024-02-05,579.029
2024-02-06,579.006
2024-02-07,578.944
2024-02-08,579.049
2024-02-09,578.829
2024-02-10,578.773
2024-02-11,578.819
2024-02-12,578.904
2024-02-13,578.927
2024-02-14,578.904
2024-02-15,578.927
2024-02-16,578.737
2024-02-17,578.668
2024-02-18,578.553
2024-02-19,578.835
2024-02-20,578.996
2024-02-21,578.957
2024-02-22,578.888
2024-02-23,579.026
2024-02-24,578.904
2024-02-25,578.681
2024-02-26,578.927
2024-02-27,579.022
2024-02-28,578.72
2024-02-29,578.494
2024-03-01,578.737
2024-03-02,578.822
2024-03-03,578.976
2024-03-04,579.108
2024-03-05,579.075
2024-03-06,579.068
2024-03-07,579.045
2024-03-08,579.098
2024-03-09,578.973
2024-03-10,578.852
2024-03-11,578.793
2024-03-12,578.97
2024-03-13,578.97
2024-03-14,579.173
2024-03-15,579.003
2024-03-16,578.809
2024-03-17,578.727
2024-03-18,578.78
2024-03-19,578.76
2024-03-20,578.701
2024-03-21,578.77
2024-03-22,579.045
2024-03-23,578.953
2024-03-24,578.996
2024-03-25,579.245
2024-03-26,579.108
2024-03-27,578.701
2024-03-28,578.665
2024-03-29,578.848
2024-03-30,578.999
2024-03-31,578.927
2024-04-01,579.127
2024-04-02,579.429
2024-04-03,579.701
2024-04-04,579.364
2024-04-05,579.098
2024-04-06,579.022
2024-04-07,579.229
2024-04-08,579.229
2024-04-09,579.075
2024-04-10,578.983
2024-04-11,579.154
2024-04-12,578.855
2024-04-13,578.757
2024-04-14,579.101
2024-04-15,579.163
2024-04-16,579.344
2024-04-17,579.583
2024-04-18,579.4
2024-04-19,579.078
2024-04-20,578.996
2024-04-21,579.058
2024-04-22,579.14
2024-04-23,579.222
2024-04-24,579.337
2024-04-25,579.324
2024-04-26,579.511
2024-04-27,579.452
2024-04-28,579.409
2024-04-29,579.659
2024-04-30,579.472
2024-05-01,579.386
2024-05-02,579.462
2024-05-03,579.544
2024-05-04,579.547
2024-05-05,579.482
2024-05-06,579.491
2024-05-07,579.629
2024-05-08,579.626
2024-05-09,579.639
2024-05-10,579.544
2024-05-11,579.574
2024-05-12,579.498
2024-05-13,579.642
2024-05-14,579.698
2024-05-15,579.705
2024-05-16,579.652
2024-05-17,579.662
2024-05-18,579.633
2024-05-19,579.613
2024-05-20,579.662
2024-05-21,579.675
2024-05-22,579.58
2024-05-23,579.468
2024-05-24,579.678
2024-05-25,579.682
2024-05-26,579.711
2024-05-27,579.829
2024-05-28,579.623
2024-05-29,579.764
2024-05-30,579.711
2024-05-31,579.741
2024-06-01,579.8
2024-06-02,579.764
2024-06-03,579.751
2024-06-04,579.875
2024-06-05,579.754
2024-06-06,579.669
2024-06-07,579.623
2024-06-08,579.646
2024-06-09,579.669
2024-06-10,579.685
2024-06-11,579.787
2024-06-12,579.76
2024-06-13,579.675
2024-06-14,579.695
2024-06-15,579.872
2024-06-16,579.852
2024-06-17,579.734
2024-06-18,579.738
2024-06-19,579.672
2024-06-20,579.787
2024-06-21,579.797
2024-06-22,579.846
2024-06-23,579.862
2024-06-24,579.846
2024-06-25,579.984
2024-06-26,579.918
2024-06-27,579.895
2024-06-28,579.941
2024-06-29,579.964
2024-06-30,579.846
2024-07-01,579.895
2024-07-02,579.98
2024-07-03,579.898
2024-07-04,579.872
2024-07-05,580.026
2024-07-06,579.944
2024-07-07,579.941
2024-07-08,580.013
2024-07-09,579.948
2024-07-10,580.033
2024-07-11,580.02
2024-07-12,580.066
2024-07-13,580.036
2024-07-14,580.026
2024-07-15,580.01
2024-07-16,580.049
2024-07-17,580.013
2024-07-18,580.026
2024-07-19,579.977
2024-07-20,579.951
2024-07-21,580.082
2024-07-22,580.079
2024-07-23,580.131
2024-07-24,580.19
2024-07-25,580.112
2024-07-26,580.125
2024-07-27,580.075
2024-07-28,580.056
2024-07-29,580.043
2024-07-30,579.97
2024-07-31,579.967
2024-08-01,580.016
2024-08-02,580.036
2024-08-03,579.99
2024-08-04,580.013
2024-08-05,580.177
2024-08-06,580.453
2024-08-07,580.262
2024-08-08,580.112
2024-08-09,579.931
2024-08-10,579.721
2024-08-11,579.731
2024-08-12,579.836
2024-08-13,579.869
2024-08-14,579.882
2024-08-15,579.862
2024-08-16,579.879
2024-08-17,579.895
2024-08-18,579.948
2024-08-19,580.033
2024-08-20,580.052
2024-08-21,579.918
2024-08-22,579.852
2024-08-23,579.78
2024-08-24,579.78
2024-08-25,579.826
2024-08-26,579.823
2024-08-27,579.774
2024-08-28,579.862
2024-08-29,579.934
2024-08-30,579.833
2024-08-31,579.669
2024-09-01,579.633
2024-09-02,579.672
2024-09-03,579.616
2024-09-04,579.567
2024-09-05,579.6
2024-09-06,579.665
2024-09-07,579.701
2024-09-08,579.436
2024-09-09,579.498
2024-09-10,579.551
2024-09-11,579.498
2024-09-12,579.511
2024-09-13,579.583
2024-09-14,579.587
2024-09-15,579.544
2024-09-16,579.521
2024-09-17,579.498
2024-09-18,579.514
2024-09-19,579.472
2024-09-20,579.459
2024-09-21,579.429
2024-09-22,579.547
2024-09-23,579.577
2024-09-24,579.672
2024-09-25,579.596
2024-09-26,579.485
2024-09-27,579.613
2024-09-28,579.757
2024-09-29,579.675
2024-09-30,579.633
2024-10-01,579.514
2024-10-02,579.262
2024-10-03,579.209
2024-10-04,579.35
2024-10-05,579.193
2024-10-06,579.091
2024-10-07,578.878
2024-10-08,579.035
2024-10-09,579.039
2024-10-10,579.094
2024-10-11,578.976
2024-10-12,579.026
2024-10-13,579.173
2024-10-14,579.373
2024-10-15,579.268
2024-10-16,579.016
2024-10-17,578.881
2024-10-18,578.842
2024-10-19,578.802
2024-10-20,578.681
2024-10-21,578.727
2024-10-22,578.806
2024-10-23,578.688
2024-10-24,578.661
2024-10-25,578.73
2024-10-26,578.589
2024-10-27,578.599
2024-10-28,578.766
2024-10-29,578.753
2024-10-30,578.54
2024-10-31,578.612
2024-11-01,578.566
2024-11-02,578.707
2024-11-03,578.793
2024-11-04,578.862
2024-11-05,578.757
2024-11-06,578.701
2024-11-07,578.543
2024-11-08,578.419
2024-11-09,578.707
2024-11-10,578.773
2024-11-11,578.547
2024-11-12,578.73
2024-11-13,578.832
2024-11-14,579.016
2024-11-15,578.76
2024-11-16,578.629
2024-11-17,578.586
2024-11-18,578.612
2024-11-19,578.894
2024-11-20,578.661
2024-11-21,578.54
2024-11-22,578.698
2024-11-23,578.553
2024-11-24,578.648
2024-11-25,578.832
2024-11-26,578.563
2024-11-27,578.396
2024-11-28,578.412
2024-11-29,578.1
2024-11-30,578.051
2024-12-01,578.228
2024-12-02,578.419
2024-12-03,578.356
2024-12-04,578.104
2024-12-05,578.192
2024-12-06,578.163
2024-12-07,578.094
2024-12-08,578.261
2024-12-09,578.517
2024-12-10,578.379
2024-12-11,578.261
2024-12-12,578.002
2024-12-13,578.133
2024-12-14,578.501
2024-12-15,578.638
2024-12-16,578.402
2024-12-17,578.107
2024-12-18,578.202
2024-12-19,578.31
2024-12-20,578.619
2024-12-21,578.366
2024-12-22,578.31
2024-12-23,578.255
2024-12-24,578.363
2024-12-25,578.301
2024-12-26,578.392
2024-12-27,578.484
2024-12-28,578.383
2024-12-29,578.363
2024-12-30,578.179
2024-12-31,578.333
