source_url,source_file,retrieval_date,waterbody,county,creel_year,species,directed_effort_hours,pct_of_directed_effort,total_catch,catch_rate_hrs_per_fish,total_harvest,harvest_rate_hrs_per_fish,harvest_rate_fish_per_hour,mean_harvest_length_in
https://dnr.wisconsin.gov/sites/default/files/topic/Fishing/Reports_OneidaPelican2425Creel.pdf,PelicanLake_2425Creel.pdf,2026-09-08,Pelican Lake,Oneida,2024-25,Walleye,34813,23.4,11664,3.3,2815,12.6,0.0794,16.6
https://dnr.wisconsin.gov/sites/default/files/topic/Fishing/Reports_OneidaPelican2425Creel.pdf,PelicanLake_2425Creel.pdf,2026-09-08,Pelican Lake,Oneida,2024-25,Northern Pike,14703,9.9,3685,6.7,1381,12.5,0.08,25.3
https://dnr.wisconsin.gov/sites/default/files/topic/Fishing/Reports_OneidaPelican2425Creel.pdf,PelicanLake_2425Creel.pdf,2026-09-08,Pelican Lake,Oneida,2024-25,Muskellunge,12149,8.2,450,35.4,0,,,
https://dnr.wisconsin.gov/sites/default/files/topic/Fishing/Reports_OneidaPelican2425Creel.pdf,PelicanLake_2425Creel.pdf,2026-09-08,Pelican Lake,Oneida,2024-25,Smallmouth Bass,10274,6.9,10227,1.3,140,159.2,0.0063,17.7
https://dnr.wisconsin.gov/sites/default/files/topic/Fishing/Reports_OneidaPelican2425Creel.pdf,PelicanLake_2425Creel.pdf,2026-09-08,Pelican Lake,Oneida,2024-25,Largemouth Bass,5008,3.4,1827,3.7,22,,,16.9
https://dnr.wisconsin.gov/sites/default/files/topic/Fishing/Reports_OneidaPelican2425Creel.pdf,PelicanLake_2425Creel.pdf,2026-09-08,Pelican Lake,Oneida,2024-25,Yellow Perch,30568,20.5,41353,0.8,12849,2.4,0.4167,8.4
https://dnr.wisconsin.gov/sites/default/files/topic/Fishing/Reports_OneidaPelican2425Creel.pdf,PelicanLake_2425Creel.pdf,2026-09-08,Pelican Lake,Oneida,2024-25,Bluegill,18964,12.7,31800,0.7,10891,1.9,0.5263,7.4
https://dnr.wisconsin.gov/sites/default/files/topic/Fishing/Reports_OneidaPelican2425Creel.pdf,PelicanLake_2425Creel.pdf,2026-09-08,Pelican Lake,Oneida,2024-25,Black Crappie,12584,8.4,5895,2.8,2480,5.6,0.1786,10.3
https://dnr.wisconsin.gov/sites/default/files/topic/Fishing/Reports_OneidaPelican2425Creel.pdf,PelicanLake_2425Creel.pdf,2026-09-08,Pelican Lake,Oneida,2024-25,Pumpkinseed,9454,6.3,1777,11.4,514,37.9,0.0264,7.1
https://dnr.wisconsin.gov/sites/default/files/topic/Fishing/Reports_OneidaPelican2425Creel.pdf,PelicanLake_2425Creel.pdf,2026-09-08,Pelican Lake,Oneida,2024-25,Rock Bass,458,0.3,4559,1.8,286,3.6,0.2778,7.5
https://dnr.wisconsin.gov/sites/default/files/topic/Fishing/Reports_OneidaPelican2425Creel.pdf,PelicanLake_2425Creel.pdf,2026-09-08,Pelican Lake,Oneida,2024-25,Burbot,0,0.0,9,,0,,,
https://dnr.wisconsin.gov/sites/default/files/topic/Fishing/Reports_OneidaPelican2425Creel.pdf,PelicanLake_2425Creel.pdf,2026-09-08,Pelican Lake,Oneida,2024-25,White Bass,0,0.0,54,,21,,,13.2
https://dnr.wisconsin.gov/sites/default/files/topic/Fishing/Reports_OneidaPelican2425Creel.pdf,PelicanLake_2425Creel.pdf,2026-09-08,Pelican Lake,Oneida,2011-12,Walleye,52019,18.4,13479,4.3,3915,13.9,0.0719,17.8
https://dnr.wisconsin.gov/sites/default/files/topic/Fishing/Reports_OneidaPelican2425Creel.pdf,PelicanLake_2425Creel.pdf,2026-09-08,Pelican Lake,Oneida,2011-12,Northern Pike,36946,13.1,14976,4.0,6032,7.2,0.1389,22.5
https://dnr.wisconsin.gov/sites/default/files/topic/Fishing/Reports_OneidaPelican2425Creel.pdf,PelicanLake_2425Creel.pdf,2026-09-08,Pelican Lake,Oneida,2011-12,Muskellunge,17447,6.2,217,116.3,0,,,
https://dnr.wisconsin.gov/sites/default/files/topic/Fishing/Reports_OneidaPelican2425Creel.pdf,PelicanLake_2425Creel.pdf,2026-09-08,Pelican Lake,Oneida,2011-12,Smallmouth Bass,14541,5.2,9066,2.5,149,122.0,0.0082,18.8
https://dnr.wisconsin.gov/sites/default/files/topic/Fishing/Reports_OneidaPelican2425Creel.pdf,PelicanLake_2425Creel.pdf,2026-09-08,Pelican Lake,Oneida,2011-12,Largemouth Bass,13329,4.7,8633,1.7,30,,,18.2
https://dnr.wisconsin.gov/sites/default/files/topic/Fishing/Reports_OneidaPelican2425Creel.pdf,PelicanLake_2425Creel.pdf,2026-09-08,Pelican Lake,Oneida,2011-12,Yellow Perch,68286,24.2,131000,0.5,40141,1.7,0.5882,8.9
https://dnr.wisconsin.gov/sites/default/files/topic/Fishing/Reports_OneidaPelican2425Creel.pdf,PelicanLake_2425Creel.pdf,2026-09-08,Pelican Lake,Oneida,2011-12,Bluegill,48537,17.2,104476,0.5,30093,1.7,0.5882,7.0
https://dnr.wisconsin.gov/sites/default/files/topic/Fishing/Reports_OneidaPelican2425Creel.pdf,PelicanLake_2425Creel.pdf,2026-09-08,Pelican Lake,Oneida,2011-12,Black Crappie,18847,6.7,9730,2.2,5682,3.8,0.2632,10.1
https://dnr.wisconsin.gov/sites/default/files/topic/Fishing/Reports_OneidaPelican2425Creel.pdf,PelicanLake_2425Creel.pdf,2026-09-08,Pelican Lake,Oneida,2011-12,Pumpkinseed,11595,4.1,9220,2.3,1830,8.0,0.125,6.6
https://dnr.wisconsin.gov/sites/default/files/topic/Fishing/Reports_OneidaPelican2425Creel.pdf,PelicanLake_2425Creel.pdf,2026-09-08,Pelican Lake,Oneida,2011-12,Rock Bass,236,0.1,4269,0.6,403,1.2,0.8333,8.0
https://dnr.wisconsin.gov/sites/default/files/topic/Fishing/Reports_OneidaPelican2425Creel.pdf,PelicanLake_2425Creel.pdf,2026-09-08,Pelican Lake,Oneida,2011-12,White Bass,449,0.2,699,1.3,468,1.4,0.7143,12.5
