source_url,source_file,retrieval_date,waterbody,county,stocking_year,source_type,species,strain,age_class,number_stocked,avg_length_in
https://apps.dnr.wi.gov/fisheriesmanagement/Public/Summary/Index,n/a (queried live: county=Waukesha waterbody=PEWAUKEE LAKE),2026-09-08,Pewaukee Lake,Waukesha,2025,DNR,MUSKELLUNGE,GREAT LAKES SPOTTED,LARGE FINGERLING,2437,10.7
https://apps.dnr.wi.gov/fisheriesmanagement/Public/Summary/Index,n/a,2026-09-08,Pewaukee Lake,Waukesha,2024,DNR,WALLEYE,ROCK-FOX,SMALL FINGERLING,11835,3
https://apps.dnr.wi.gov/fisheriesmanagement/Public/Summary/Index,n/a,2026-09-08,Pewaukee Lake,Waukesha,2024,PRIVATE STOCKING,MUSKELLUNGE,UNSPECIFIED,LARGE FINGERLING,300,9
https://apps.dnr.wi.gov/fisheriesmanagement/Public/Summary/Index,n/a,2026-09-08,Pewaukee Lake,Waukesha,2024,DNR,WALLEYE,ROCK-FOX,LARGE FINGERLING,25333,7.33
https://apps.dnr.wi.gov/fisheriesmanagement/Public/Summary/Index,n/a,2026-09-08,Pewaukee Lake,Waukesha,2023,PRIVATE STOCKING,MUSKELLUNGE,UNSPECIFIED,YEARLING,115,12.5
https://apps.dnr.wi.gov/fisheriesmanagement/Public/Summary/Index,n/a,2026-09-08,Pewaukee Lake,Waukesha,2023,PRIVATE STOCKING,MUSKELLUNGE,LEECH LAKE,LARGE FINGERLING,600,11
https://apps.dnr.wi.gov/fisheriesmanagement/Public/Summary/Index,n/a,2026-09-08,Pewaukee Lake,Waukesha,2023,PRIVATE STOCKING,MUSKELLUNGE,UNSPECIFIED,LARGE FINGERLING,240,9
https://apps.dnr.wi.gov/fisheriesmanagement/Public/Summary/Index,n/a,2026-09-08,Pewaukee Lake,Waukesha,2023,DNR,MUSKELLUNGE,UPPER WISCONSIN RIVER,LARGE FINGERLING,2437,11
https://apps.dnr.wi.gov/fisheriesmanagement/Public/Summary/Index,n/a,2026-09-08,Pewaukee Lake,Waukesha,2022,PRIVATE STOCKING,MUSKELLUNGE,UNSPECIFIED,YEARLING,250,13
https://apps.dnr.wi.gov/fisheriesmanagement/Public/Summary/Index,n/a,2026-09-08,Pewaukee Lake,Waukesha,2021,PRIVATE STOCKING,MUSKELLUNGE,UNSPECIFIED,YEARLING,195,14
https://apps.dnr.wi.gov/fisheriesmanagement/Public/Summary/Index,n/a,2026-09-08,Pewaukee Lake,Waukesha,2021,PRIVATE STOCKING,MUSKELLUNGE,UNSPECIFIED,LARGE FINGERLING,225,11
https://apps.dnr.wi.gov/fisheriesmanagement/Public/Summary/Index,n/a,2026-09-08,Pewaukee Lake,Waukesha,2021,DNR,WALLEYE,ROCK-FOX,FRY,6412000,0.5
https://apps.dnr.wi.gov/fisheriesmanagement/Public/Summary/Index,n/a,2026-09-08,Pewaukee Lake,Waukesha,2021,DNR,MUSKELLUNGE,UPPER WISCONSIN RIVER,LARGE FINGERLING,2437,12
https://apps.dnr.wi.gov/fisheriesmanagement/Public/Summary/Index,n/a,2026-09-08,Pewaukee Lake,Waukesha,2021,PRIVATE STOCKING,MUSKELLUNGE,LEECH LAKE,LARGE FINGERLING,250,12
https://apps.dnr.wi.gov/fisheriesmanagement/Public/Summary/Index,n/a,2026-09-08,Pewaukee Lake,Waukesha,2020,DNR,WALLEYE,ROCK-FOX,LARGE FINGERLING,36557,6.7
https://apps.dnr.wi.gov/fisheriesmanagement/Public/Summary/Index,n/a,2026-09-08,Pewaukee Lake,Waukesha,2020,PRIVATE STOCKING,MUSKELLUNGE,UNSPECIFIED,LARGE FINGERLING,410,10
https://apps.dnr.wi.gov/fisheriesmanagement/Public/Summary/Index,n/a,2026-09-08,Pewaukee Lake,Waukesha,2019,PRIVATE STOCKING,MUSKELLUNGE,UNSPECIFIED,LARGE FINGERLING,410,13
https://apps.dnr.wi.gov/fisheriesmanagement/Public/Summary/Index,n/a,2026-09-08,Pewaukee Lake,Waukesha,2019,DNR,MUSKELLUNGE,UNSPECIFIED,LARGE FINGERLING,2493,11.93
https://apps.dnr.wi.gov/fisheriesmanagement/Public/Summary/Index,n/a,2026-09-08,Pewaukee Lake,Waukesha,2019,DNR,NORTHERN PIKE,MUD LAKE - MADISON CHAIN OF LAKES,LARGE FINGERLING,2749,8.6
https://apps.dnr.wi.gov/fisheriesmanagement/Public/Summary/Index,n/a,2026-09-08,Pewaukee Lake,Waukesha,2018,DNR,WALLEYE,ROCK-FOX,FRY,1500000,0.5
https://apps.dnr.wi.gov/fisheriesmanagement/Public/Summary/Index,n/a,2026-09-08,Pewaukee Lake,Waukesha,2018,DNR,NORTHERN PIKE,MUD LAKE - MADISON CHAIN OF LAKES,LARGE FINGERLING,2500,9.37
https://apps.dnr.wi.gov/fisheriesmanagement/Public/Summary/Index,n/a,2026-09-08,Pewaukee Lake,Waukesha,2018,PRIVATE STOCKING,MUSKELLUNGE,UNSPECIFIED,LARGE FINGERLING,100,11
https://apps.dnr.wi.gov/fisheriesmanagement/Public/Summary/Index,n/a,2026-09-08,Pewaukee Lake,Waukesha,2018,DNR,MUSKELLUNGE,UNSPECIFIED,LARGE FINGERLING,2493,12.1
https://apps.dnr.wi.gov/fisheriesmanagement/Public/Summary/Index,n/a,2026-09-08,Pewaukee Lake,Waukesha,2018,DNR,WALLEYE,ROCK-FOX,LARGE FINGERLING,36570,8.07
https://apps.dnr.wi.gov/fisheriesmanagement/Public/Summary/Index,n/a,2026-09-08,Pewaukee Lake,Waukesha,2017,DNR,MUSKELLUNGE,UPPER WISCONSIN RIVER,LARGE FINGERLING,2777,10.2
https://apps.dnr.wi.gov/fisheriesmanagement/Public/Summary/Index,n/a,2026-09-08,Pewaukee Lake,Waukesha,2017,DNR,NORTHERN PIKE,MUD LAKE - MADISON CHAIN OF LAKES,LARGE FINGERLING,2285,8.8
https://apps.dnr.wi.gov/fisheriesmanagement/Public/Summary/Index,n/a,2026-09-08,Pewaukee Lake,Waukesha,2017,DNR,WALLEYE,ROCK-FOX,FRY,3162000,0.25
https://apps.dnr.wi.gov/fisheriesmanagement/Public/Summary/Index,n/a,2026-09-08,Pewaukee Lake,Waukesha,2016,DNR,WALLEYE,ROCK-FOX,FRY,4250000,0.5
https://apps.dnr.wi.gov/fisheriesmanagement/Public/Summary/Index,n/a,2026-09-08,Pewaukee Lake,Waukesha,2016,DNR,WALLEYE,ROCK-FOX,LARGE FINGERLING,36557,7
https://apps.dnr.wi.gov/fisheriesmanagement/Public/Summary/Index,n/a,2026-09-08,Pewaukee Lake,Waukesha,2016,DNR,NORTHERN PIKE,MUD LAKE - MADISON CHAIN OF LAKES,LARGE FINGERLING,2750,8.6
https://apps.dnr.wi.gov/fisheriesmanagement/Public/Summary/Index,n/a,2026-09-08,Pewaukee Lake,Waukesha,2016,DNR,MUSKELLUNGE,UPPER WISCONSIN RIVER,LARGE FINGERLING,2244,11
https://apps.dnr.wi.gov/fisheriesmanagement/Public/Summary/Index,n/a,2026-09-08,Pewaukee Lake,Waukesha,2015,DNR,WALLEYE,ROCK-FOX,FRY,4540000,0.5
https://apps.dnr.wi.gov/fisheriesmanagement/Public/Summary/Index,n/a,2026-09-08,Pewaukee Lake,Waukesha,2015,PRIVATE STOCKING,MUSKELLUNGE,UNSPECIFIED,LARGE FINGERLING,400,11
https://apps.dnr.wi.gov/fisheriesmanagement/Public/Summary/Index,n/a,2026-09-08,Pewaukee Lake,Waukesha,2015,DNR,NORTHERN PIKE,MUD LAKE - MADISON CHAIN OF LAKES,LARGE FINGERLING,5450,9.7
https://apps.dnr.wi.gov/fisheriesmanagement/Public/Summary/Index,n/a,2026-09-08,Pewaukee Lake,Waukesha,2015,DNR,MUSKELLUNGE,UPPER WISCONSIN RIVER,LARGE FINGERLING,1580,11.8
https://apps.dnr.wi.gov/fisheriesmanagement/Public/Summary/Index,n/a,2026-09-08,Pewaukee Lake,Waukesha,2014,DNR,WALLEYE,ROCK-FOX,FRY,4025000,0.5
https://apps.dnr.wi.gov/fisheriesmanagement/Public/Summary/Index,n/a,2026-09-08,Pewaukee Lake,Waukesha,2014,PRIVATE STOCKING,MUSKELLUNGE,UNSPECIFIED,LARGE FINGERLING,100,10
https://apps.dnr.wi.gov/fisheriesmanagement/Public/Summary/Index,n/a,2026-09-08,Pewaukee Lake,Waukesha,2014,DNR,WALLEYE,ROCK-FOX,LARGE FINGERLING,36984,6.95
https://apps.dnr.wi.gov/fisheriesmanagement/Public/Summary/Index,n/a,2026-09-08,Pewaukee Lake,Waukesha,2014,DNR,MUSKELLUNGE,UPPER WISCONSIN RIVER,LARGE FINGERLING,1246,11.3
https://apps.dnr.wi.gov/fisheriesmanagement/Public/Summary/Index,n/a,2026-09-08,Pewaukee Lake,Waukesha,2014,DNR,NORTHERN PIKE,MUD LAKE - MADISON CHAIN OF LAKES,LARGE FINGERLING,2500,9
https://apps.dnr.wi.gov/fisheriesmanagement/Public/Summary/Index,n/a,2026-09-08,Pewaukee Lake,Waukesha,2013,DNR,MUSKELLUNGE,UPPER WISCONSIN RIVER,LARGE FINGERLING,2491,9.6
https://apps.dnr.wi.gov/fisheriesmanagement/Public/Summary/Index,n/a,2026-09-08,Pewaukee Lake,Waukesha,2013,DNR,MUSKELLUNGE,UPPER WISCONSIN RIVER,YEARLING,121,12.9
https://apps.dnr.wi.gov/fisheriesmanagement/Public/Summary/Index,n/a,2026-09-08,Pewaukee Lake,Waukesha,2012,DNR,WALLEYE,ROCK-FOX,SMALL FINGERLING,87255,1.32
https://apps.dnr.wi.gov/fisheriesmanagement/Public/Summary/Index,n/a,2026-09-08,Pewaukee Lake,Waukesha,2012,DNR,MUSKELLUNGE,UPPER WISCONSIN RIVER,LARGE FINGERLING,4986,9.6
https://apps.dnr.wi.gov/fisheriesmanagement/Public/Summary/Index,n/a,2026-09-08,Pewaukee Lake,Waukesha,2011,DNR,MUSKELLUNGE,UPPER WISCONSIN RIVER,YEARLING,188,13.75
https://apps.dnr.wi.gov/fisheriesmanagement/Public/Summary/Index,n/a,2026-09-08,Pewaukee Lake,Waukesha,2011,DNR,MUSKELLUNGE,UPPER CHIPPEWA RIVER,LARGE FINGERLING,2200,7.9
https://apps.dnr.wi.gov/fisheriesmanagement/Public/Summary/Index,n/a,2026-09-08,Pewaukee Lake,Waukesha,2011,DNR,MUSKELLUNGE,UPPER WISCONSIN RIVER,LARGE FINGERLING,2486,9.3
https://apps.dnr.wi.gov/fisheriesmanagement/Public/Summary/Index,n/a,2026-09-08,Pewaukee Lake,Waukesha,2010,DNR,WALLEYE,ROCK-FOX,SMALL FINGERLING,87255,1.47
https://apps.dnr.wi.gov/fisheriesmanagement/Public/Summary/Index,n/a,2026-09-08,Pewaukee Lake,Waukesha,2010,DNR,MUSKELLUNGE,UPPER WISCONSIN RIVER,LARGE FINGERLING,849,12.4
https://apps.dnr.wi.gov/fisheriesmanagement/Public/Summary/Index,n/a,2026-09-08,Pewaukee Lake,Waukesha,2009,DNR,MUSKELLUNGE,UPPER CHIPPEWA RIVER,LARGE FINGERLING,1055,10.6
https://apps.dnr.wi.gov/fisheriesmanagement/Public/Summary/Index,n/a,2026-09-08,Pewaukee Lake,Waukesha,2008,DNR,MUSKELLUNGE,UPPER WISCONSIN RIVER,LARGE FINGERLING,2500,10.4
https://apps.dnr.wi.gov/fisheriesmanagement/Public/Summary/Index,n/a,2026-09-08,Pewaukee Lake,Waukesha,2007,DNR,MUSKELLUNGE,UPPER CHIPPEWA RIVER,LARGE FINGERLING,1667,12.6
https://apps.dnr.wi.gov/fisheriesmanagement/Public/Summary/Index,n/a,2026-09-08,Pewaukee Lake,Waukesha,2006,DNR,MUSKELLUNGE,UPPER WISCONSIN RIVER,LARGE FINGERLING,550,10.8
https://apps.dnr.wi.gov/fisheriesmanagement/Public/Summary/Index,n/a,2026-09-08,Pewaukee Lake,Waukesha,2006,DNR,WALLEYE,MISSISSIPPI HEADWATERS,SMALL FINGERLING,87513,1.6
https://apps.dnr.wi.gov/fisheriesmanagement/Public/Summary/Index,n/a,2026-09-08,Pewaukee Lake,Waukesha,2005,DNR,MUSKELLUNGE,UNSPECIFIED,LARGE FINGERLING,2500,10.9
https://apps.dnr.wi.gov/fisheriesmanagement/Public/Summary/Index,n/a,2026-09-08,Pewaukee Lake,Waukesha,2004,DNR,WALLEYE,MISSISSIPPI HEADWATERS,SMALL FINGERLING,107516,1.2
https://apps.dnr.wi.gov/fisheriesmanagement/Public/Summary/Index,n/a,2026-09-08,Pewaukee Lake,Waukesha,2004,DNR,MUSKELLUNGE,UNSPECIFIED,LARGE FINGERLING,2500,10.5
https://apps.dnr.wi.gov/fisheriesmanagement/Public/Summary/Index,n/a,2026-09-08,Pewaukee Lake,Waukesha,2003,DNR,MUSKELLUNGE,UNSPECIFIED,LARGE FINGERLING,2500,10.5
https://apps.dnr.wi.gov/fisheriesmanagement/Public/Summary/Index,n/a,2026-09-08,Pewaukee Lake,Waukesha,2002,DNR,WALLEYE,ROCK-FOX,SMALL FINGERLING,69888,2.1
https://apps.dnr.wi.gov/fisheriesmanagement/Public/Summary/Index,n/a,2026-09-08,Pewaukee Lake,Waukesha,2002,DNR,MUSKELLUNGE,UNSPECIFIED,LARGE FINGERLING,2497,10.2
https://apps.dnr.wi.gov/fisheriesmanagement/Public/Summary/Index,n/a,2026-09-08,Pewaukee Lake,Waukesha,2001,DNR,MUSKELLUNGE,UNSPECIFIED,LARGE FINGERLING,5000,10.3
https://apps.dnr.wi.gov/fisheriesmanagement/Public/Summary/Index,n/a,2026-09-08,Pewaukee Lake,Waukesha,2000,DNR,MUSKELLUNGE,UNSPECIFIED,LARGE FINGERLING,1430,12.1
https://apps.dnr.wi.gov/fisheriesmanagement/Public/Summary/Index,n/a,2026-09-08,Pewaukee Lake,Waukesha,2000,DNR,NORTHERN PIKE,UNSPECIFIED,SMALL FINGERLING,5000,3.2
https://apps.dnr.wi.gov/fisheriesmanagement/Public/Summary/Index,n/a,2026-09-08,Pewaukee Lake,Waukesha,2000,DNR,WALLEYE,UNSPECIFIED,SMALL FINGERLING,249300,1.55
https://apps.dnr.wi.gov/fisheriesmanagement/Public/Summary/Index,n/a,2026-09-08,Pewaukee Lake,Waukesha,1999,DNR,MUSKELLUNGE,UNSPECIFIED,LARGE FINGERLING,157,12
https://apps.dnr.wi.gov/fisheriesmanagement/Public/Summary/Index,n/a,2026-09-08,Pewaukee Lake,Waukesha,1999,Non-DNR Governmental,MUSKELLUNGE,UNSPECIFIED,LARGE FINGERLING,4386,4.5
https://apps.dnr.wi.gov/fisheriesmanagement/Public/Summary/Index,n/a,2026-09-08,Pewaukee Lake,Waukesha,1999,DNR,NORTHERN PIKE,UNSPECIFIED,LARGE FINGERLING,2360,7.4
https://apps.dnr.wi.gov/fisheriesmanagement/Public/Summary/Index,n/a,2026-09-08,Pewaukee Lake,Waukesha,1999,DNR,MUSKELLUNGE,UNSPECIFIED,YEARLING,85,15
