"STATION","DATE","PRCP","TMAX","TMIN"
"USC00473800","2023-05-06","    5","  172","   67"
"USC00473800","2023-05-07","   66","  133","   89"
"USC00473800","2023-05-08","    0","  156","   83"
"USC00473800","2023-05-09","    5","  183","   83"
"USC00473800","2023-05-10","    5","  211","  106"
"USC00473800","2023-05-11","   15","  228","   94"
"USC00473800","2023-05-12","    0","  261","   94"
"USC00473800","2023-05-13","    0","  211","   78"
"USC00473800","2023-05-14","    0","  222","   72"
"USC00473800","2023-05-15","    0","  189","   17"
"USC00473800","2023-05-16","    0","  244","   89"
"USC00473800","2023-05-17","    0","  150","   17"
"USC00473800","2023-05-18","    0","  172","   44"
"USC00473800","2023-05-19","   64","  189","   67"
"USC00473800","2023-05-20","    0","  117","   28"
"USC00473800","2023-05-21","    0","  206","   56"
"USC00473800","2023-05-22","    0","  194","   72"
"USC00473800","2023-05-23","    0","  250","  122"
"USC00473800","2023-05-24","    0","  272","   61"
"USC00473800","2023-05-25","    0","  161","   39"
"USC00473800","2023-05-26","    0","  217","   78"
"USC00473800","2023-05-27","    0","  250","   72"
"USC00473800","2023-05-28","    0","  267","   67"
"USC00473800","2023-05-29","    0","  278","   78"
"USC00473800","2023-05-30","    0","  272","  128"
"USC00473800","2023-05-31","    0","  278","  172"
"USC00473800","2023-06-01","    0","  306","  178"
"USC00473800","2023-06-02","    0","  300","  183"
"USC00473800","2023-06-03","    0","  289","  156"
"USC00473800","2023-06-04","    0","  294","  133"
"USC00473800","2023-06-05","    0","  283","  156"
"USC00473800","2023-06-06","    0","  228","  111"
"USC00473800","2023-06-07","    0","  194","   61"
"USC00473800","2023-06-08","    0","  211","   33"
"USC00473800","2023-06-09","    0","  211","   28"
"USC00473800","2023-06-10","    0","  256","  122"
"USC00473800","2023-06-11","    0","  150","   39"
"USC00473800","2023-06-12","    0","  144","   33"
"USC00473800","2023-06-13","   33","  128","   94"
"USC00473800","2023-06-14","    0","  206","   89"
"USC00473800","2023-06-15","    0","  200","   67"
"USC00473800","2023-06-16","    0","  128","   33"
"USC00473800","2023-06-17","    0","  211","   78"
"USC00473800","2023-06-18","    0","  261","  117"
"USC00473800","2023-06-19","    0","  267","  156"
"USC00473800","2023-06-20","    0","  272","  161"
"USC00473800","2023-06-21","    0","  300","  128"
"USC00473800","2023-06-22","    0","  306","  161"
"USC00473800","2023-06-23","    0","  306","  194"
"USC00473800","2023-06-24","   56","  294","  161"
"USC00473800","2023-06-25","  216","  272","  167"
"USC00473800","2023-06-26","  140","  211","   78"
"USC00473800","2023-06-27","    0","  178","   94"
"USC00473800","2023-06-28","   18","  239","  133"
"USC00473800","2023-06-29","  135","  228","  117"
"USC00473800","2023-06-30","   38","  256","  139"
"USC00473800","2023-07-01","    0","  261","  139"
"USC00473800","2023-07-02","    0","  244","  117"
"USC00473800","2023-07-03","    0","  239","  128"
"USC00473800","2023-07-04","    3","  311","  156"
"USC00473800","2023-07-05","   13","  272","  161"
"USC00473800","2023-07-06","    0","  233","  106"
"USC00473800","2023-07-07","    0","  189","   78"
"USC00473800","2023-07-08","    0","  228","  117"
"USC00473800","2023-07-09","    0","  194","   83"
"USC00473800","2023-07-10","    0","  261","  144"
"USC00473800","2023-07-11","    0","  217","   72"
"USC00473800","2023-07-12","    0","  206","  106"
"USC00473800","2023-07-13","    0","  217","  144"
"USC00473800","2023-07-14","    0","  239","  161"
"USC00473800","2023-07-15","    0","  272","  128"
"USC00473800","2023-07-16","    0","  222","  100"
"USC00473800","2023-07-17","    0","  211","  111"
"USC00473800","2023-07-18","    0","  183","  122"
"USC00473800","2023-07-19","    0","  211","   94"
"USC00473800","2023-07-20","   30","  228","  128"
"USC00473800","2023-07-21","    5","  194","  111"
"USC00473800","2023-07-22","    0","  250","  117"
"USC00473800","2023-07-23","    0","  261","  128"
"USC00473800","2023-07-24","    0","  250","  139"
"USC00473800","2023-07-25","    0","  239","  122"
"USC00473800","2023-07-26","   61","  300","  167"
"USC00473800","2023-07-27","    5","  278","  161"
"USC00473800","2023-07-28","  363","  300","  150"
"USC00473800","2023-07-29","    5","  261","  133"
"USC00473800","2023-07-30","    0","  211","  100"
"USC00473800","2023-07-31","    0","  222","  100"
"USC00473800","2023-08-01","    0","  233","  111"
"USC00473800","2023-08-02","    0","  261","  139"
"USC00473800","2023-08-03","    0","  283","  178"
"USC00473800","2023-08-04","    0","  283","  128"
"USC00473800","2023-08-05","    0","  250","  139"
"USC00473800","2023-08-06","    0","  256","  128"
"USC00473800","2023-08-07","    5","  233","  133"
"USC00473800","2023-08-08","    0","  256","  117"
"USC00473800","2023-08-09","    0","  267","  150"
"USC00473800","2023-08-10","    0","  233","  128"
"USC00473800","2023-08-11","   18","  206","  122"
"USC00473800","2023-08-12","    5","  200","  133"
"USC00473800","2023-08-13","    0","  189","   89"
"USC00473800","2023-08-14","    0","  217","  128"
"USC00473800","2023-08-15","    0","  267","   72"
"USC00473800","2023-08-16","    0","  267","  100"
"USC00473800","2023-08-17","  152","  272","  133"
"USC00473800","2023-08-18","   18","  189","   78"
"USC00473800","2023-08-19","    0","  233","  122"
"USC00473800","2023-08-20","    0","  294","  167"
"USC00473800","2023-08-21","    0","  222","  133"
"USC00473800","2023-08-22","    0","  217","  144"
"USC00473800","2023-08-23","   10","  194","  144"
"USC00473800","2023-08-24","    8","  228","  161"
"USC00473800","2023-08-25","   15","  183","  133"
"USC00473800","2023-08-26","   25","  261","  111"
"USC00473800","2023-08-27","    0","  156","   22"
"USC00473800","2023-08-28","    0","  206","   89"
"USC00473800","2023-08-29","    5","  244","  139"
"USC00473800","2023-08-30","  152","  172","   44"
"USC00473800","2023-08-31","    0","  200","   72"
"USC00473800","2023-09-01","    0","  244","  117"
"USC00473800","2023-09-02","    0","  261","  161"
"USC00473800","2023-09-03","    0","  300","  194"
"USC00473800","2023-09-04","    0","  322","  194"
"USC00473800","2023-09-05","    0","  333","  211"
"USC00473800","2023-09-06","  411","  333","  161"
"USC00473800","2023-09-07","   30","  172","  100"
"USC00473800","2023-09-08","    3","  111","   72"
"USC00473800","2023-09-09","    0","  172","   61"
"USC00473800","2023-09-10","   15","  206","   89"
"USC00473800","2023-09-11","    0","  178","   61"
"USC00473800","2023-09-12","    5","  156","   78"
"USC00473800","2023-09-13","    0","  106","   39"
"USC00473800","2023-09-14","    0","  144","   28"
"USC00473800","2023-09-15","  137","  222","  100"
"USC00473800","2023-09-16","    0","  150","   83"
"USC00473800","2023-09-17","   58","  172","   50"
"USC00473800","2023-09-18","    0","  150","   33"
"USC00473800","2023-09-19","    0","  172","   50"
"USC00473800","2023-09-20","    0","  211","  106"
"USC00473800","2023-09-21","    0","  256","  128"
"USC00473800","2023-09-22","    0","  272","  122"
"USC00473800","2023-09-23","   28","  250","  150"
"USC00473800","2023-09-24","   58","  178","  139"
"USC00473800","2023-09-25","    0","  172","  122"
"USC00473800","2023-09-26","   74","  167","  117"
"USC00473800","2023-09-27","    0","  189","  128"
"USC00473800","2023-09-28","    0","  178","  111"
"USC00473800","2023-09-29","    0","  178","  122"
"USC00473800","2023-09-30","  114","  178","  128"
"USC00473800","2023-10-01","    0",,
"USC00473800","2023-10-02","    0","  289","  167"
"USC00473800","2023-10-03","    0","  289","  172"
"USC00473800","2023-10-04","    0","  272","  172"
"USC00473800","2023-10-05","    0","  217","   94"
"USC00473800","2023-10-06","   13","  172","   61"
"USC00473800","2023-10-07","  193","   72","   39"
"USC00473800","2023-10-08","   13","   89","   22"
"USC00473800","2023-10-09","   36","   89","   11"
"USC00473800","2023-10-10","   20","   61","   33"
"USC00473800","2023-10-11","   36","   61","   39"
"USC00473800","2023-10-12","    5","  100","  -11"
"USC00473800","2023-10-13","    0","  106","   39"
"USC00473800","2023-10-14","   15","   89","   50"
"USC00473800","2023-10-15","   38","   89","   33"
"USC00473800","2023-10-16","    5","   83","   56"
"USC00473800","2023-10-17","    5","   72","   17"
"USC00473800","2023-10-18","    0","  144","   28"
"USC00473800","2023-10-19","   69","  144","   72"
"USC00473800","2023-10-20","  142","  100","   44"
"USC00473800","2023-10-21","   56","  100","   11"
"USC00473800","2023-10-22","   91","   44","   11"
"USC00473800","2023-10-23","   10","   94","   28"
"USC00473800","2023-10-24","    5","  128","   44"
"USC00473800","2023-10-25","    5",,
"USC00473800","2023-10-26","  104","   94","   67"
"USC00473800","2023-10-27","   89","   89","   61"
"USC00473800","2023-10-28","    5","   83","  -17"
"USC00473800","2023-10-29","    0","   -6","  -56"
"USC00473800","2023-10-30","    0","   11","  -78"
"USC00473800","2023-10-31","   25","   -6","  -78"
"USC00473800","2023-11-01","    0","   -6","  -94"
"USC00473800","2023-11-02","    0","   11","  -94"
"USC00473800","2023-11-03","    0","   50","  -94"
"USC00473800","2023-11-04","    0","   39","  -50"
"USC00473800","2023-11-05","    0","   44","  -50"
"USC00473800","2023-11-06","   56","   83","  -50"
"USC00473800","2023-11-07","  142","   83","  -17"
"USC00473800","2023-11-08","   33","   11","  -11"
"USC00473800","2023-11-09","   18","   44","   -6"
"USC00473800","2023-11-10","    5","   17","   -6"
"USC00473800","2023-11-11","   13","   11","  -11"
"USC00473800","2023-11-12","   33","   28","   -6"
"USC00473800","2023-11-13","    0","   83","   -6"
"USC00473800","2023-11-14","    0","   94","  -33"
"USC00473800","2023-11-15","    0","  128","   -6"
"USC00473800","2023-11-16","    0","  128","   -6"
"USC00473800","2023-11-17","    0","  172","  -33"
"USC00473800","2023-11-18","    0","   39","  -28"
"USC00473800","2023-11-19","    0","   94","  -61"
"USC00473800","2023-11-20","    0","   67","  -50"
"USC00473800","2023-11-21","    0","   44","  -17"
"USC00473800","2023-11-22","    0","   28","  -67"
"USC00473800","2023-11-23","    0","   22","  -56"
"USC00473800","2023-11-24","   13","  -50"," -100"
"USC00473800","2023-11-25","    0","  -33","  -94"
"USC00473800","2023-11-26","    8","  -17","  -89"
"USC00473800","2023-11-27","   25","  -44"," -122"
"USC00473800","2023-11-28","   46"," -100"," -156"
"USC00473800","2023-11-29","    0","  -61"," -156"
"USC00473800","2023-11-30","    0","   50","  -78"
"USC00473800","2023-12-01","    0","   50"," -128"
"USC00473800","2023-12-02","    0","    0"," -139"
"USC00473800","2023-12-03","    0","    0"," -128"
"USC00473800","2023-12-04","    0","   -6","  -33"
"USC00473800","2023-12-05","   18","   17","  -33"
"USC00473800","2023-12-06","    0","  -11","  -50"
"USC00473800","2023-12-07","    0","   22","  -67"
"USC00473800","2023-12-08","    0","   78","  -39"
"USC00473800","2023-12-09","    0","   78","   -6"
"USC00473800","2023-12-10","   89","   28","  -61"
"USC00473800","2023-12-11","    0","  -56","  -89"
"USC00473800","2023-12-12","    5","  -67","  -89"
"USC00473800","2023-12-13","    0","  -39"," -111"
"USC00473800","2023-12-14","    0","   11"," -117"
"USC00473800","2023-12-15","   10","  100","    0"
"USC00473800","2023-12-16","  198","   28","   11"
"USC00473800","2023-12-17","    5","   56","    6"
"USC00473800","2023-12-18","   66","    6","  -94"
"USC00473800","2023-12-19","   20","  -89"," -156"
"USC00473800","2023-12-20","    0","   -6"," -106"
"USC00473800","2023-12-21","    0","   -6","  -33"
"USC00473800","2023-12-22","    0","   28","  -17"
"USC00473800","2023-12-23","    0","   28","    0"
"USC00473800","2023-12-24","    0","   50","   22"
"USC00473800","2023-12-25","   64","   78","   50"
"USC00473800","2023-12-26","   76","   89","   44"
"USC00473800","2023-12-27","   13","   78","   -6"
"USC00473800","2023-12-28","    0","   22","  -17"
"USC00473800","2023-12-29","    0","   11","  -44"
"USC00473800","2023-12-30","    0","   44","  -72"
"USC00473800","2023-12-31","   41","  -22","  -61"
"USC00473800","2024-01-01","   15","  -44","  -83"
"USC00473800","2024-01-02","    0","  -33","  -83"
"USC00473800","2024-01-03","   13","  -17","  -50"
"USC00473800","2024-01-04","   25","  -17"," -111"
"USC00473800","2024-01-05","    0","  -61"," -106"
"USC00473800","2024-01-06","   38","  -33","  -61"
"USC00473800","2024-01-07","   13","  -22","  -56"
"USC00473800","2024-01-08","    0","  -50","  -89"
"USC00473800","2024-01-09","    8","  -39","  -72"
"USC00473800","2024-01-10","   10","  -17","  -44"
"USC00473800","2024-01-11","    0","  -28"," -106"
"USC00473800","2024-01-12","    0","  -33"," -161"
"USC00473800","2024-01-13","   56","  -50"," -128"
"USC00473800","2024-01-14","   20"," -111"," -206"
"USC00473800","2024-01-15","    0"," -178"," -239"
"USC00473800","2024-01-16","    0"," -178"," -239"
"USC00473800","2024-01-17","   10"," -172"," -233"
"USC00473800","2024-01-18","    5"," -144"," -189"
"USC00473800","2024-01-19","   28"," -150"," -194"
"USC00473800","2024-01-20","   51"," -128"," -172"
"USC00473800","2024-01-21","    0","  -94"," -178"
"USC00473800","2024-01-22","    0","  -67"," -139"
"USC00473800","2024-01-23","    0","  -50","  -89"
"USC00473800","2024-01-25","    0","    6","  -28"
"USC00473800","2024-01-26","    3","   28","    0"
"USC00473800","2024-01-27","    0","   22","    0"
"USC00473800","2024-01-28","    8","    6","  -28"
"USC00473800","2024-01-29","    0","   17","  -44"
"USC00473800","2024-01-30","    0","   17","  -28"
"USC00473800","2024-01-31","    0","    6","  -17"
"USC00473800","2024-02-01","    0","   61","  -11"
"USC00473800","2024-02-02","    0","   17","  -61"
"USC00473800","2024-02-03","    0","   61","  -61"
"USC00473800","2024-02-04","    0","   72"," -111"
"USC00473800","2024-02-05","    0","   72"," -100"
"USC00473800","2024-02-06","    0","   72","  -11"
"USC00473800","2024-02-07","    0","   78","    6"
"USC00473800","2024-02-08","    0","   72","   17"
"USC00473800","2024-02-09","    3","  111","  -17"
"USC00473800","2024-02-10","   20","  -11","  -83"
"USC00473800","2024-02-11","    0","  -39","  -83"
"USC00473800","2024-02-12","    0","    0","  -56"
"USC00473800","2024-02-13","   25","  -22","  -67"
"USC00473800","2024-02-14","    0","  -44"," -144"
"USC00473800","2024-02-15","   20","   28","  -56"
"USC00473800","2024-02-16","    0","  -50"," -128"
"USC00473800","2024-02-17","    0"," -128"," -167"
"USC00473800","2024-02-18","    0","  -33"," -167"
"USC00473800","2024-02-19","    0","  -22"," -167"
"USC00473800","2024-02-20","    0","   28"," -156"
"USC00473800","2024-02-21","    0","   89","  -50"
"USC00473800","2024-02-22","    0","   56","  -33"
"USC00473800","2024-02-23","    5","   83"," -100"
"USC00473800","2024-02-24","    0","  -78"," -161"
"USC00473800","2024-02-25","    0","    6"," -128"
"USC00473800","2024-02-26","    0","   50","  -89"
"USC00473800","2024-02-27","    0","  111","  -39"
"USC00473800","2024-02-28","   46","  117"," -161"
"USC00473800","2024-02-29","    0"," -122"," -194"
"USC00473800","2024-03-01","    0","   11"," -144"
"USC00473800","2024-03-02","    0","  111","   -6"
"USC00473800","2024-03-03","    0","  122","   11"
