source_url,source_file,retrieval_date,waterbody,survey_type,year,freshwater_drum_per_trawl,yellow_perch_per_trawl,emerald_shiner_per_trawl,walleye_per_trawl,white_bass_per_trawl,white_sucker_per_trawl,channel_catfish_per_trawl,common_carp_per_trawl,bluegill_per_trawl,quillback_per_trawl
https://dnr.wisconsin.gov/sites/default/files/topic/Fishing/LakeWinnebagoBottomTrawlingReport2023.pdf,WinnebagoTrawling_2023.pdf,2026-09-08,Lake Winnebago,bottom trawl assessment (fisheries survey; not angler creel),1986,522.3,0.4,0.0,1.4,24.3,1.6,0.3,1.1,0.0,0.4
https://dnr.wisconsin.gov/sites/default/files/topic/Fishing/LakeWinnebagoBottomTrawlingReport2023.pdf,WinnebagoTrawling_2023.pdf,2026-09-08,Lake Winnebago,bottom trawl assessment (fisheries survey; not angler creel),1987,369.6,0.3,0.0,0.8,8.1,1.5,0.1,0.8,0.0,0.4
https://dnr.wisconsin.gov/sites/default/files/topic/Fishing/LakeWinnebagoBottomTrawlingReport2023.pdf,WinnebagoTrawling_2023.pdf,2026-09-08,Lake Winnebago,bottom trawl assessment (fisheries survey; not angler creel),1988,313.6,0.9,0.0,0.3,5.7,1.2,0.3,0.9,0.0,0.3
https://dnr.wisconsin.gov/sites/default/files/topic/Fishing/LakeWinnebagoBottomTrawlingReport2023.pdf,WinnebagoTrawling_2023.pdf,2026-09-08,Lake Winnebago,bottom trawl assessment (fisheries survey; not angler creel),1989,365.7,1.6,0.4,0.3,10.8,1.2,0.4,1.3,0.0,0.9
https://dnr.wisconsin.gov/sites/default/files/topic/Fishing/LakeWinnebagoBottomTrawlingReport2023.pdf,WinnebagoTrawling_2023.pdf,2026-09-08,Lake Winnebago,bottom trawl assessment (fisheries survey; not angler creel),1990,343.6,4.3,0.6,0.2,7.9,1.4,0.3,0.8,0.0,0.8
https://dnr.wisconsin.gov/sites/default/files/topic/Fishing/LakeWinnebagoBottomTrawlingReport2023.pdf,WinnebagoTrawling_2023.pdf,2026-09-08,Lake Winnebago,bottom trawl assessment (fisheries survey; not angler creel),1991,377.2,3.2,0.1,0.6,6.4,1.1,0.5,0.7,0.0,0.3
https://dnr.wisconsin.gov/sites/default/files/topic/Fishing/LakeWinnebagoBottomTrawlingReport2023.pdf,WinnebagoTrawling_2023.pdf,2026-09-08,Lake Winnebago,bottom trawl assessment (fisheries survey; not angler creel),1992,567.7,2.6,0.4,4.6,11.9,1.8,0.6,1.2,0.0,0.4
https://dnr.wisconsin.gov/sites/default/files/topic/Fishing/LakeWinnebagoBottomTrawlingReport2023.pdf,WinnebagoTrawling_2023.pdf,2026-09-08,Lake Winnebago,bottom trawl assessment (fisheries survey; not angler creel),1993,355.0,1.1,0.0,4.7,6.9,2.2,0.4,1.6,0.0,0.6
https://dnr.wisconsin.gov/sites/default/files/topic/Fishing/LakeWinnebagoBottomTrawlingReport2023.pdf,WinnebagoTrawling_2023.pdf,2026-09-08,Lake Winnebago,bottom trawl assessment (fisheries survey; not angler creel),1994,462.9,0.7,0.0,6.3,3.8,1.6,0.5,2.3,0.0,0.5
https://dnr.wisconsin.gov/sites/default/files/topic/Fishing/LakeWinnebagoBottomTrawlingReport2023.pdf,WinnebagoTrawling_2023.pdf,2026-09-08,Lake Winnebago,bottom trawl assessment (fisheries survey; not angler creel),1995,413.4,0.7,0.0,3.8,2.8,1.2,0.4,1.4,0.0,0.3
https://dnr.wisconsin.gov/sites/default/files/topic/Fishing/LakeWinnebagoBottomTrawlingReport2023.pdf,WinnebagoTrawling_2023.pdf,2026-09-08,Lake Winnebago,bottom trawl assessment (fisheries survey; not angler creel),1996,537.0,1.2,0.1,3.3,7.0,2.0,0.3,0.8,0.0,0.6
https://dnr.wisconsin.gov/sites/default/files/topic/Fishing/LakeWinnebagoBottomTrawlingReport2023.pdf,WinnebagoTrawling_2023.pdf,2026-09-08,Lake Winnebago,bottom trawl assessment (fisheries survey; not angler creel),1997,391.0,0.9,1.1,6.4,5.7,1.7,0.6,0.9,0.0,1.0
https://dnr.wisconsin.gov/sites/default/files/topic/Fishing/LakeWinnebagoBottomTrawlingReport2023.pdf,WinnebagoTrawling_2023.pdf,2026-09-08,Lake Winnebago,bottom trawl assessment (fisheries survey; not angler creel),1998,301.0,0.6,0.2,4.5,3.2,2.0,0.6,1.5,0.0,1.3
https://dnr.wisconsin.gov/sites/default/files/topic/Fishing/LakeWinnebagoBottomTrawlingReport2023.pdf,WinnebagoTrawling_2023.pdf,2026-09-08,Lake Winnebago,bottom trawl assessment (fisheries survey; not angler creel),1999,461.2,1.2,2.0,4.7,7.5,2.0,0.6,1.9,0.0,1.4
https://dnr.wisconsin.gov/sites/default/files/topic/Fishing/LakeWinnebagoBottomTrawlingReport2023.pdf,WinnebagoTrawling_2023.pdf,2026-09-08,Lake Winnebago,bottom trawl assessment (fisheries survey; not angler creel),2000,640.0,2.0,3.9,2.8,27.1,2.2,0.9,1.9,0.0,1.0
https://dnr.wisconsin.gov/sites/default/files/topic/Fishing/LakeWinnebagoBottomTrawlingReport2023.pdf,WinnebagoTrawling_2023.pdf,2026-09-08,Lake Winnebago,bottom trawl assessment (fisheries survey; not angler creel),2001,429.6,1.2,4.9,1.0,14.0,1.6,0.7,1.1,0.0,1.0
https://dnr.wisconsin.gov/sites/default/files/topic/Fishing/LakeWinnebagoBottomTrawlingReport2023.pdf,WinnebagoTrawling_2023.pdf,2026-09-08,Lake Winnebago,bottom trawl assessment (fisheries survey; not angler creel),2002,813.8,4.2,1.0,14.4,10.1,2.9,0.9,1.0,0.0,1.6
https://dnr.wisconsin.gov/sites/default/files/topic/Fishing/LakeWinnebagoBottomTrawlingReport2023.pdf,WinnebagoTrawling_2023.pdf,2026-09-08,Lake Winnebago,bottom trawl assessment (fisheries survey; not angler creel),2003,481.4,4.5,0.4,11.7,8.5,2.1,1.4,1.4,0.0,0.8
https://dnr.wisconsin.gov/sites/default/files/topic/Fishing/LakeWinnebagoBottomTrawlingReport2023.pdf,WinnebagoTrawling_2023.pdf,2026-09-08,Lake Winnebago,bottom trawl assessment (fisheries survey; not angler creel),2004,496.6,2.8,0.8,8.2,6.3,1.2,0.8,1.8,0.0,0.7
https://dnr.wisconsin.gov/sites/default/files/topic/Fishing/LakeWinnebagoBottomTrawlingReport2023.pdf,WinnebagoTrawling_2023.pdf,2026-09-08,Lake Winnebago,bottom trawl assessment (fisheries survey; not angler creel),2005,417.1,4.0,0.1,5.4,1.9,1.8,0.6,1.4,0.1,0.3
https://dnr.wisconsin.gov/sites/default/files/topic/Fishing/LakeWinnebagoBottomTrawlingReport2023.pdf,WinnebagoTrawling_2023.pdf,2026-09-08,Lake Winnebago,bottom trawl assessment (fisheries survey; not angler creel),2006,672.1,21.4,0.2,7.5,12.2,1.4,0.8,2.3,1.7,0.5
https://dnr.wisconsin.gov/sites/default/files/topic/Fishing/LakeWinnebagoBottomTrawlingReport2023.pdf,WinnebagoTrawling_2023.pdf,2026-09-08,Lake Winnebago,bottom trawl assessment (fisheries survey; not angler creel),2007,508.4,5.1,6.7,6.0,8.8,2.7,0.7,2.4,2.0,1.0
https://dnr.wisconsin.gov/sites/default/files/topic/Fishing/LakeWinnebagoBottomTrawlingReport2023.pdf,WinnebagoTrawling_2023.pdf,2026-09-08,Lake Winnebago,bottom trawl assessment (fisheries survey; not angler creel),2008,534.3,7.3,15.2,3.4,4.1,2.0,0.8,3.4,0.1,0.5
https://dnr.wisconsin.gov/sites/default/files/topic/Fishing/LakeWinnebagoBottomTrawlingReport2023.pdf,WinnebagoTrawling_2023.pdf,2026-09-08,Lake Winnebago,bottom trawl assessment (fisheries survey; not angler creel),2009,485.9,7.3,15.2,10.8,4.2,2.3,0.9,2.2,0.6,1.3
https://dnr.wisconsin.gov/sites/default/files/topic/Fishing/LakeWinnebagoBottomTrawlingReport2023.pdf,WinnebagoTrawling_2023.pdf,2026-09-08,Lake Winnebago,bottom trawl assessment (fisheries survey; not angler creel),2010,471.4,6.1,1.3,3.4,3.7,2.0,0.8,2.7,0.1,1.0
https://dnr.wisconsin.gov/sites/default/files/topic/Fishing/LakeWinnebagoBottomTrawlingReport2023.pdf,WinnebagoTrawling_2023.pdf,2026-09-08,Lake Winnebago,bottom trawl assessment (fisheries survey; not angler creel),2011,484.9,14.0,17.9,3.9,17.4,5.1,1.3,3.6,0.2,1.0
https://dnr.wisconsin.gov/sites/default/files/topic/Fishing/LakeWinnebagoBottomTrawlingReport2023.pdf,WinnebagoTrawling_2023.pdf,2026-09-08,Lake Winnebago,bottom trawl assessment (fisheries survey; not angler creel),2012,526.8,5.5,0.7,4.7,10.3,5.4,2.2,1.9,0.0,0.8
https://dnr.wisconsin.gov/sites/default/files/topic/Fishing/LakeWinnebagoBottomTrawlingReport2023.pdf,WinnebagoTrawling_2023.pdf,2026-09-08,Lake Winnebago,bottom trawl assessment (fisheries survey; not angler creel),2013,598.7,4.4,1.1,3.4,7.6,4.0,3.3,2.0,0.0,0.5
https://dnr.wisconsin.gov/sites/default/files/topic/Fishing/LakeWinnebagoBottomTrawlingReport2023.pdf,WinnebagoTrawling_2023.pdf,2026-09-08,Lake Winnebago,bottom trawl assessment (fisheries survey; not angler creel),2014,443.5,1.6,0.3,6.6,2.8,4.6,1.7,1.6,0.0,0.8
https://dnr.wisconsin.gov/sites/default/files/topic/Fishing/LakeWinnebagoBottomTrawlingReport2023.pdf,WinnebagoTrawling_2023.pdf,2026-09-08,Lake Winnebago,bottom trawl assessment (fisheries survey; not angler creel),2015,691.3,0.4,0.1,6.8,4.0,4.4,1.5,1.8,0.0,0.8
https://dnr.wisconsin.gov/sites/default/files/topic/Fishing/LakeWinnebagoBottomTrawlingReport2023.pdf,WinnebagoTrawling_2023.pdf,2026-09-08,Lake Winnebago,bottom trawl assessment (fisheries survey; not angler creel),2016,491.7,0.3,0.3,4.6,2.7,3.6,1.7,0.8,0.0,0.6
https://dnr.wisconsin.gov/sites/default/files/topic/Fishing/LakeWinnebagoBottomTrawlingReport2023.pdf,WinnebagoTrawling_2023.pdf,2026-09-08,Lake Winnebago,bottom trawl assessment (fisheries survey; not angler creel),2017,734.5,10.6,0.1,9.0,3.2,3.0,1.5,1.3,0.4,0.6
https://dnr.wisconsin.gov/sites/default/files/topic/Fishing/LakeWinnebagoBottomTrawlingReport2023.pdf,WinnebagoTrawling_2023.pdf,2026-09-08,Lake Winnebago,bottom trawl assessment (fisheries survey; not angler creel),2018,230.1,6.7,0.7,10.3,5.0,3.2,1.4,1.6,0.0,0.8
https://dnr.wisconsin.gov/sites/default/files/topic/Fishing/LakeWinnebagoBottomTrawlingReport2023.pdf,WinnebagoTrawling_2023.pdf,2026-09-08,Lake Winnebago,bottom trawl assessment (fisheries survey; not angler creel),2019,396.8,2.5,0.3,8.0,1.4,4.4,1.7,2.3,0.2,1.1
https://dnr.wisconsin.gov/sites/default/files/topic/Fishing/LakeWinnebagoBottomTrawlingReport2023.pdf,WinnebagoTrawling_2023.pdf,2026-09-08,Lake Winnebago,bottom trawl assessment (fisheries survey; not angler creel),2020,285.3,4.0,0.5,5.9,2.2,2.9,1.4,2.1,0.1,1.1
https://dnr.wisconsin.gov/sites/default/files/topic/Fishing/LakeWinnebagoBottomTrawlingReport2023.pdf,WinnebagoTrawling_2023.pdf,2026-09-08,Lake Winnebago,bottom trawl assessment (fisheries survey; not angler creel),2021,382.2,9.6,7.4,5.4,3.6,2.7,1.9,1.8,1.4,1.2
https://dnr.wisconsin.gov/sites/default/files/topic/Fishing/LakeWinnebagoBottomTrawlingReport2023.pdf,WinnebagoTrawling_2023.pdf,2026-09-08,Lake Winnebago,bottom trawl assessment (fisheries survey; not angler creel),2022,296.7,15.5,0.5,6.4,4.6,1.9,1.3,1.4,1.6,0.8
https://dnr.wisconsin.gov/sites/default/files/topic/Fishing/LakeWinnebagoBottomTrawlingReport2023.pdf,WinnebagoTrawling_2023.pdf,2026-09-08,Lake Winnebago,bottom trawl assessment (fisheries survey; not angler creel),2023,305.3,13.4,1.5,15.7,3.8,2.5,1.4,0.9,3.1,0.8
